date,cumulative,new_cases
2020-01-22,557,0
2020-01-23,657,100
2020-01-24,944,287
2020-01-25,1437,493
2020-01-26,2120,683
2020-01-27,2929,809
2020-01-28,5580,2651
2020-01-29,6169,589
2020-01-30,8237,2068
2020-01-31,9927,1690
2020-02-01,12038,2111
2020-02-02,16787,4749
2020-02-03,19887,3100
2020-02-04,23899,4012
2020-02-05,27644,3745
2020-02-06,30806,3162
2020-02-07,34400,3594
2020-02-08,37131,2731
2020-02-09,40162,3031
2020-02-10,42771,2609
2020-02-11,44814,2043
2020-02-12,45232,418
2020-02-13,60384,15152
2020-02-14,66912,6528
2020-02-15,69055,2143
2020-02-16,71238,2183
2020-02-17,73273,2035
2020-02-18,75155,1882
2020-02-19,75655,500
2020-02-20,76216,561
2020-02-21,76846,630
2020-02-22,78608,1762
2020-02-23,78990,382
2020-02-24,79558,568
2020-02-25,80412,854
2020-02-26,81384,972
2020-02-27,82728,1344
2020-02-28,84152,1424
2020-02-29,86023,1871
2020-03-01,88402,2379
2020-03-02,90382,1980
2020-03-03,92994,2612
2020-03-04,95338,2344
2020-03-05,98078,2740
2020-03-06,102062,3984
2020-03-07,106199,4137
2020-03-08,109997,3798
2020-03-09,114292,4295
2020-03-10,119051,4759
2020-03-11,126527,7476
2020-03-12,133283,6756
2020-03-13,146477,13194
2020-03-14,157365,10888
2020-03-15,168598,11233
2020-03-16,183165,14567
2020-03-17,198339,15174
2020-03-18,215900,17561
2020-03-19,242987,27087
2020-03-20,272517,29530
2020-03-21,304944,32427
2020-03-22,339156,34212
2020-03-23,381711,42555
2020-03-24,423594,41883
2020-03-25,475075,51481
2020-03-26,535889,60814
2020-03-27,599820,63931
2020-03-28,669402,69582
2020-03-29,725918,56516
2020-03-30,790929,65011
2020-03-31,869371,78442
2020-04-01,955728,86357
2020-04-02,1038176,82448
2020-04-03,1122386,84210
2020-04-04,1182507,60121
2020-04-05,1254222,71715
2020-04-06,1328948,74726
2020-04-07,1397886,68938
2020-04-08,1480062,82176
2020-04-09,1567243,87181
2020-04-10,1653665,86422
2020-04-11,1729180,75515
2020-04-12,1847761,118581
2020-04-13,1919593,71832
2020-04-14,2004226,84633
2020-04-15,2082482,78256
2020-04-16,2176950,94468
2020-04-17,2264830,87880
2020-04-18,2343082,78252
2020-04-19,2419404,76322
2020-04-20,2495886,76482
2020-04-21,2571973,76087
2020-04-22,2654011,82038
2020-04-23,2736728,82717
2020-04-24,2820291,83563
2020-04-25,2903496,83205
2020-04-26,2974291,70795
2020-04-27,3045275,70984
2020-04-28,3121107,75832
2020-04-29,3198435,77328
2020-04-30,3282087,83652
2020-05-01,3371033,88946
2020-05-02,3449295,78262
2020-05-03,3523292,73997
2020-05-04,3600929,77637
2020-05-05,3680614,79685
2020-05-06,3771036,90422
2020-05-07,3860174,89138
2020-05-08,3950657,90483
2020-05-09,4035000,84343
2020-05-10,4110223,75223
2020-05-11,4186364,76141
2020-05-12,4271644,85280
2020-05-13,4355992,84348
2020-05-14,4451634,95642
2020-05-15,4547536,95902
2020-05-16,4641426,93890
2020-05-17,4719789,78363
2020-05-18,4808921,89132
2020-05-19,4904739,95818
2020-05-20,5010162,105423
2020-05-21,5116135,105973
2020-05-22,5223477,107342
2020-05-23,5327627,104150
2020-05-24,5420843,93216
2020-05-25,5509066,88223
2020-05-26,5601428,92362
2020-05-27,5703984,102556
2020-05-28,5823977,119993
2020-05-29,5945413,121436
2020-05-30,6080456,135043
2020-05-31,6183316,102860
2020-06-01,6283580,100264
2020-06-02,6406221,122641
2020-06-03,6517437,111216
2020-06-04,6655667,138230
2020-06-05,6789073,133406
2020-06-06,6918403,129330
2020-06-07,7029415,111012
2020-06-08,7132463,103048
2020-06-09,7258445,125982
2020-06-10,7395607,137162
2020-06-11,7531793,136186
2020-06-12,7659267,127474
2020-06-13,7793175,133908
2020-06-14,7925122,131947
2020-06-15,8050034,124912
2020-06-16,8193933,143899
2020-06-17,8337135,143202
2020-06-18,8480229,143094
2020-06-19,8661225,180996
2020-06-20,8847108,185883
2020-06-21,8940170,93062
2020-06-22,9082502,142332
2020-06-23,9250625,168123
2020-06-24,9422061,171436
2020-06-25,9601576,179515
2020-06-26,9794066,192490
2020-06-27,9970478,176412
2020-06-28,10138935,168457
2020-06-29,10291617,152682
2020-06-30,10475388,183771
2020-07-01,10690516,215128
2020-07-02,10895486,204970
2020-07-03,11098124,202638
2020-07-04,11287838,189714
2020-07-05,11474058,186220
2020-07-06,11642331,168273
2020-07-07,11851900,209569
2020-07-08,12067186,215286
2020-07-09,12291782,224596
2020-07-10,12524663,232881
2020-07-11,12737483,212820
2020-07-12,12930415,192932
2020-07-13,13124893,194478
2020-07-14,13345920,221027
2020-07-15,13575706,229786
2020-07-16,13820618,244912
2020-07-17,14058038,237420
2020-07-18,14293379,235341
2020-07-19,14505270,211891
2020-07-20,14713414,208144
2020-07-21,14956435,243021
2020-07-22,15231791,275356
2020-07-23,15511422,279631
2020-07-24,15794928,283506
2020-07-25,16044485,249557
2020-07-26,16256294,211809
2020-07-27,16490680,234386
2020-07-28,16754567,263887
2020-07-29,17024801,270234
2020-07-30,17306582,281781
2020-07-31,17594044,287462
2020-08-01,17840315,246271
2020-08-02,18070926,230611
2020-08-03,18276983,206057
2020-08-04,18542287,265304
2020-08-05,18817443,275156
2020-08-06,19104145,286702
2020-08-07,19386579,282434
2020-08-08,19651806,265227
2020-08-09,19884801,232995
2020-08-10,20118013,233212
2020-08-11,20383576,265563
2020-08-12,20658646,275070
2020-08-13,20948740,290094
2020-08-14,21255813,307073
2020-08-15,21504839,249026
2020-08-16,21714880,210041
2020-08-17,21927762,212882
2020-08-18,22187166,259404
2020-08-19,22464640,277474
2020-08-20,22736119,271479
2020-08-21,22998072,261953
2020-08-22,23261601,263529
2020-08-23,23464360,202759
2020-08-24,23692460,228100
2020-08-25,23937668,245208
2020-08-26,24219359,281691
2020-08-27,24506622,287263
2020-08-28,24790561,283939
2020-08-29,25051295,260734
2020-08-30,25271033,219738
2020-08-31,25535340,264307
2020-09-01,25802224,266884
2020-09-02,26084114,281890
2020-09-03,26369544,285430
2020-09-04,26671276,301732
2020-09-05,26944997,273721
2020-09-06,27173995,228998
2020-09-07,27391278,217283
2020-09-08,27637790,246512
2020-09-09,27923100,285310
2020-09-10,28227493,304393
2020-09-11,28543855,316362
2020-09-12,28832580,288725
2020-09-13,29081415,248835
2020-09-14,29348555,267140
2020-09-15,29629107,280552
2020-09-16,29934059,304952
2020-09-17,30249632,315573
2020-09-18,30576278,326646
2020-09-19,30869397,293119
2020-09-20,31124526,255129
2020-09-21,31384435,259909
2020-09-22,31668754,284319
2020-09-23,31980407,311653
2020-09-24,32301360,320953
2020-09-25,32631974,330614
2020-09-26,32918085,286111
2020-09-27,33165079,246994
2020-09-28,33426328,261249
2020-09-29,33709128,282800
2020-09-30,34033675,324547
2020-10-01,34352787,319112
2020-10-02,34682292,329505
2020-10-03,34979647,297355
2020-10-04,35240179,260532
2020-10-05,35551524,311345
2020-10-06,35867647,316123
2020-10-07,36216841,349194
2020-10-08,36576162,359321
2020-10-09,36936565,360403
2020-10-10,37292089,355524
2020-10-11,37581583,289494
2020-10-12,37871608,290025
2020-10-13,38190980,319372
2020-10-14,38571764,380784
2020-10-15,38978760,406996
2020-10-16,39389280,410520
2020-10-17,39761413,372133
2020-10-18,40092656,331243
2020-10-19,40467606,374950
2020-10-20,40856480,388874
2020-10-21,41296091,439611
2020-10-22,41778168,482077
2020-10-23,42272069,493901
2020-10-24,42728414,456345
2020-10-25,43087247,358833
2020-10-26,43570291,483044
2020-10-27,44038754,468463
2020-10-28,44560523,521769
2020-10-29,45111898,551375
2020-10-30,45683640,571742
2020-10-31,46155745,472105
2020-11-01,46594934,439189
2020-11-02,47143303,548369
2020-11-03,47708817,565514
2020-11-04,48200961,492144
2020-11-05,48820295,619334
2020-11-06,49443478,623183
2020-11-07,50042669,599191
2020-11-08,50533518,490849
2020-11-09,51043324,509806
2020-11-10,51614069,570745
2020-11-11,52238734,624665
2020-11-12,52878929,640195
2020-11-13,53539863,660934
2020-11-14,54126889,587026
2020-11-15,54617117,490228
2020-11-16,55142751,525634
2020-11-17,55745063,602312
2020-11-18,56367328,622265
2020-11-19,57021314,653986
2020-11-20,57695345,674031
2020-11-21,58287916,592571
2020-11-22,58785996,498080
2020-11-23,59320006,534010
2020-11-24,59910792,590786
2020-11-25,60527871,617079
2020-11-26,61117132,589261
2020-11-27,61812474,695342
2020-11-28,62420041,607567
2020-11-29,62915662,495621
2020-11-30,63422239,506577
2020-12-01,64037142,614903
2020-12-02,64677389,640247
2020-12-03,65367986,690597
2020-12-04,66064345,696359
2020-12-05,66706697,642352
2020-12-06,67250638,543941
2020-12-07,67785484,534846
2020-12-08,68416150,630666
2020-12-09,69081500,665350
2020-12-10,70576907,1495407
2020-12-11,71282658,705751
2020-12-12,71931348,648690
2020-12-13,72470142,538794
2020-12-14,73021298,551156
2020-12-15,73669919,648621
2020-12-16,74387461,717542
2020-12-17,75126063,738602
2020-12-18,75847501,721438
2020-12-19,76483006,635505
2020-12-20,77030307,547301
2020-12-21,77576529,546222
2020-12-22,78227986,651457
2020-12-23,78910081,682095
2020-12-24,79603472,693391
2020-12-25,80096696,493224
2020-12-26,80629340,532644
2020-12-27,81042534,413194
2020-12-28,81541719,499185
2020-12-29,82213594,671875
2020-12-30,82938894,725300
2020-12-31,83778622,839728
2021-01-01,84342314,563692
2021-01-02,84946690,604376
2021-01-03,85467020,520330
2021-01-04,86024461,557441
2021-01-05,86765351,740890
2021-01-06,87556264,790913
2021-01-07,88426222,869958
2021-01-08,89261637,835415
2021-01-09,90017904,756267
2021-01-10,90619443,601539
2021-01-11,91233917,614474
2021-01-12,91926453,692536
2021-01-13,92669726,743273
2021-01-14,93428784,759058
2021-01-15,94212637,783853
2021-01-16,94869509,656872
2021-01-17,95397119,527610
2021-01-18,95914366,517247
2021-01-19,96507148,592782
2021-01-20,97194354,687206
2021-01-21,97863110,668756
2021-01-22,98526596,663486
2021-01-23,99103312,576716
2021-01-24,99565294,461982
2021-01-25,100046846,481552
2021-01-26,100608158,561312
2021-01-27,101209122,600964
2021-01-28,101824237,615115
2021-01-29,102413219,588982
2021-01-30,102928083,514864
2021-01-31,103324692,396609
2021-02-01,103767694,443002
2021-02-02,104233148,465454
2021-02-03,104758397,525249
2021-02-04,105230171,471774
2021-02-05,105766676,536505
2021-02-06,106201874,435198
2021-02-07,106553422,351548
2021-02-08,106893339,339917
2021-02-09,107300629,407290
2021-02-10,107741093,440464
2021-02-11,108184860,443767
2021-02-12,108614449,429589
2021-02-13,108994937,380488
2021-02-14,109303582,308645
2021-02-15,109584404,280822
2021-02-16,109944197,359793
2021-02-17,110330576,386379
2021-02-18,110741376,410800
2021-02-19,111151038,409662
2021-02-20,111526248,375210
2021-02-21,111845811,319563
2021-02-22,112141380,295569
2021-02-23,112534122,392742
2021-02-24,112979052,444930
2021-02-25,113432016,452964
2021-02-26,113873956,441940
2021-02-27,114270693,396737
2021-02-28,114578478,307785
2021-03-01,114883979,305501
2021-03-02,115197242,313263
2021-03-03,115639088,441846
2021-03-04,116097496,458408
2021-03-05,116546593,449097
2021-03-06,116960620,414027
2021-03-07,117335064,374444
2021-03-08,117640533,305469
2021-03-09,118054577,414044
2021-03-10,118513444,458867
2021-03-11,119003124,489680
2021-03-12,119492372,489248
2021-03-13,119947968,455596
2021-03-14,120313043,365075
2021-03-15,120667127,354084
2021-03-16,121134161,467034
2021-03-17,121679877,545716
2021-03-18,122227806,547929
2021-03-19,122790345,562539
2021-03-20,123288792,498447
2021-03-21,123729261,440469
2021-03-22,124150452,421191
2021-03-23,124656291,505839
2021-03-24,125285990,629699
2021-03-25,125938183,652193
2021-03-26,126578225,640042
2021-03-27,127162758,584533
2021-03-28,127655412,492654
2021-03-29,128114688,459276
2021-03-30,128676894,562206
2021-03-31,129350790,673896
2021-04-01,130060609,709819
2021-04-02,130705394,644785
2021-04-03,131245744,540350
2021-04-04,131805666,559922
2021-04-05,132302655,496989
2021-04-06,132910149,607494
2021-04-07,133573288,663139
2021-04-08,134409344,836056
2021-04-09,135156662,747318
2021-04-10,135827306,670644
2021-04-11,136536918,709612
2021-04-12,137150764,613846
2021-04-13,137914588,763824
2021-04-14,138725902,811314
2021-04-15,139547133,821231
2021-04-16,140406983,859850
2021-04-17,141200970,793987
2021-04-18,141901080,700110
2021-04-19,142592012,690932
2021-04-20,143431609,839597
2021-04-21,144320851,889242
2021-04-22,145220252,899401
2021-04-23,146127911,907659
2021-04-24,146952141,824230
2021-04-25,147680627,728486
2021-04-26,148369677,689050
2021-04-27,149208799,839122
2021-04-28,150107590,898791
2021-04-29,151001625,894035
2021-04-30,151892994,891369
2021-05-01,152687904,794910
2021-05-02,153375175,687271
2021-05-03,154065632,690457
2021-05-04,154850588,784956
2021-05-05,155692589,842001
2021-05-06,156565435,872846
2021-05-07,157400261,834826
2021-05-08,158188559,788298
2021-05-09,158837968,649409
2021-05-10,159463612,625644
2021-05-11,160189411,725799
2021-05-12,160956898,767487
2021-05-13,161691597,734699
2021-05-14,162401162,709565
2021-05-15,163032774,631612
2021-05-16,163579396,546622
2021-05-17,164122938,543542
2021-05-18,164742576,619638
2021-05-19,165414621,672045
2021-05-20,165696927,282306
2021-05-21,166323402,626475
2021-05-22,166895763,572361
2021-05-23,167377386,481623
2021-05-24,167828464,451078
2021-05-25,168361871,533407
2021-05-26,168930299,568428
2021-05-27,169477196,546897
2021-05-28,169982707,505511
2021-05-29,170463127,480420
2021-05-30,170853074,389947
2021-05-31,171240130,387056
2021-06-01,171700134,460004
2021-06-02,172187762,487628
2021-06-03,172668261,480499
2021-06-04,173093152,424891
2021-06-05,173489803,396651
2021-06-06,173812784,322981
2021-06-07,174134551,321767
2021-06-08,174504668,370117
2021-06-09,174922960,418292
2021-06-10,175376464,453504
2021-06-11,175798501,422037
2021-06-12,176166881,368380
2021-06-13,176469682,302801
2021-06-14,176778984,309302
2021-06-15,177153741,374757
2021-06-16,177542916,389175
2021-06-17,177938911,395995
2021-06-18,178342418,403507
2021-06-19,178689716,347298
2021-06-20,178994480,304764
2021-06-21,179291135,296655
2021-06-22,179701349,410214
2021-06-23,180097972,396623
2021-06-24,180507231,409259
2021-06-25,180924899,417668
2021-06-26,181287796,362897
2021-06-27,181599032,311236
2021-06-28,181932050,333018
2021-06-29,182313258,381208
2021-06-30,182712726,399468
2021-07-01,183148268,435542
2021-07-02,183590610,442342
2021-07-03,183964437,373827
2021-07-04,184292181,327744
2021-07-05,184670098,377917
2021-07-06,185120629,450531
2021-07-07,185585871,465242
2021-07-08,186067750,481879
2021-07-09,186580986,513236
2021-07-10,187002099,421113
2021-07-11,187371991,369892
2021-07-12,187806155,434164
2021-07-13,188331814,525659
2021-07-14,188869796,537982
2021-07-15,189446223,576427
2021-07-16,190042161,595938
2021-07-17,190531011,488850
2021-07-18,190951220,420209
2021-07-19,191440687,489467
2021-07-20,191973106,532419
2021-07-21,192529214,556108
2021-07-22,193094403,565189
2021-07-23,193822543,728140
2021-07-24,194254462,431919
2021-07-25,194700076,445614
2021-07-26,195240703,540627
2021-07-27,195847033,606330
2021-07-28,196497116,650083
2021-07-29,197139985,642869
2021-07-30,197872339,732354
2021-07-31,198389684,517345
2021-08-01,198872752,483068
2021-08-02,199443855,571103
2021-08-03,200078130,634275
2021-08-04,200758588,680458
2021-08-05,201444210,685622
2021-08-06,202263736,819526
2021-08-07,202825005,561269
2021-08-08,203292722,467717
2021-08-09,203911805,619083
2021-08-10,204557617,645812
2021-08-11,205288310,730693
2021-08-12,205994052,705742
2021-08-13,206795847,801795
2021-08-14,207348758,552911
2021-08-15,207815449,466691
2021-08-16,208479793,664344
2021-08-17,209162480,682687
2021-08-18,209898123,735643
2021-08-19,210609857,711734
2021-08-20,211395070,785213
2021-08-21,211954124,559054
2021-08-22,212402204,448080
2021-08-23,213086398,684194
2021-08-24,213763171,676773
2021-08-25,214500582,737411
2021-08-26,215237031,736449
2021-08-27,215988154,751123
2021-08-28,216545334,557180
2021-08-29,216992164,446830
2021-08-30,217664015,671851
2021-08-31,218284677,620662
2021-09-01,219003757,719080
2021-09-02,219680532,676775
2021-09-03,220404105,723573
2021-09-04,220900816,496711
2021-09-05,221347788,446972
2021-09-06,221825561,477773
2021-09-07,222482051,656490
2021-09-08,223119762,637711
2021-09-09,223759907,640145
2021-09-10,224418618,658711
2021-09-11,224887140,468522
2021-09-12,225258543,371403
2021-09-13,225836445,577902
2021-09-14,226386274,549829
2021-09-15,226953125,566851
2021-09-16,227540479,587354
2021-09-17,228163698,623219
2021-09-18,228687569,523871
2021-09-19,229050966,363397
2021-09-20,229581157,530191
2021-09-21,230069837,488680
2021-09-22,230604815,534978
2021-09-23,231152445,547630
2021-09-24,231701691,549246
2021-09-25,232075693,374002
2021-09-26,232431512,355819
2021-09-27,232914281,482769
2021-09-28,233365258,450977
2021-09-29,233856235,490977
2021-09-30,234346132,489897
2021-10-01,234868134,522002
2021-10-02,235218776,350642
2021-10-03,235527819,309043
2021-10-04,235974883,447064
2021-10-05,236397732,422849
2021-10-06,236904785,507053
2021-10-07,237366619,461834
2021-10-08,237842039,475420
2021-10-09,238182243,340204
2021-10-10,238498696,316453
2021-10-11,238886684,387988
2021-10-12,239324892,438208
2021-10-13,239781314,456422
2021-10-14,240234710,453396
2021-10-15,240692696,457986
2021-10-16,241034054,341358
2021-10-17,241347355,313301
2021-10-18,241775141,427786
2021-10-19,242206709,431568
2021-10-20,242683018,476309
2021-10-21,243145068,462050
2021-10-22,243637892,492824
2021-10-23,244008150,370258
2021-10-24,244317353,309203
2021-10-25,244769753,452400
2021-10-26,245196224,426471
2021-10-27,245710221,513997
2021-10-28,246193247,483026
2021-10-29,246687330,494083
2021-10-30,247061943,374613
2021-10-31,247410790,348847
2021-11-01,247868435,457645
2021-11-02,248272884,404449
2021-11-03,248797676,524792
2021-11-04,249315133,517457
2021-11-05,249839415,524282
2021-11-06,250245164,405749
2021-11-07,250585863,340699
2021-11-08,251110911,525048
2021-11-09,251580325,469414
2021-11-10,252153854,573529
2021-11-11,252674737,520883
2021-11-12,253274490,599753
2021-11-13,253670214,395724
2021-11-14,254018493,348279
2021-11-15,254620079,601586
2021-11-16,255126904,506825
2021-11-17,255742113,615209
2021-11-18,256363770,621657
2021-11-19,256978407,614637
2021-11-20,257416423,438016
2021-11-21,257796215,379792
2021-11-22,258500870,704655
2021-11-23,259093463,592593
2021-11-24,259751368,657905
2021-11-25,260348589,597221
2021-11-26,260962280,613691
2021-11-27,261381085,418805
2021-11-28,261770875,389790
2021-11-29,262513214,742339
2021-11-30,263113681,600467
2021-12-01,263816145,702464
2021-12-02,264523382,707237
2021-12-03,265254220,730838
2021-12-04,265726430,472210
2021-12-05,266146231,419801
2021-12-06,266849953,703722
2021-12-07,267489200,639247
2021-12-08,268200544,711344
2021-12-09,268898928,698384
2021-12-10,269592462,693534
2021-12-11,270059366,466904
2021-12-12,270485916,426550
2021-12-13,271179799,693883
2021-12-14,271816596,636797
2021-12-15,272556770,740174
2021-12-16,273300997,744227
2021-12-17,274068563,767566
2021-12-18,274598505,529942
2021-12-19,275083461,484956
2021-12-20,275893527,810066
2021-12-21,276652188,758661
2021-12-22,277566671,914483
2021-12-23,278578699,1012028
2021-12-24,279434799,856100
2021-12-25,280116791,681992
2021-12-26,280692270,575479
2021-12-27,282033889,1341619
2021-12-28,283370260,1336371
2021-12-29,285075127,1704867
2021-12-30,287025253,1950126
2021-12-31,288728291,1703038
2022-01-01,289931428,1203137
2022-01-02,290849939,918511
2022-01-03,293188320,2338381
2022-01-04,295801747,2613427
2022-01-05,298385756,2584009
2022-01-06,301054978,2669222
2022-01-07,304008616,2953638
2022-01-08,306145200,2136584
2022-01-09,308150282,2005082
2022-01-10,311401997,3251715
2022-01-11,314432404,3030407
2022-01-12,317879058,3446654
2022-01-13,321066163,3187105
2022-01-14,324382616,3316453
2022-01-15,326810379,2427763
2022-01-16,328981578,2171199
2022-01-17,331759391,2777813
2022-01-18,335523995,3764604
2022-01-19,339607276,4083281
2022-01-20,343341570,3734294
2022-01-21,347151687,3810117
2022-01-22,349801473,2649786
2022-01-23,352184811,2383338
2022-01-24,355817671,3632860
2022-01-25,359471485,3653814
2022-01-26,363233158,3761673
2022-01-27,366932890,3699732
2022-01-28,370611819,3678929
2022-01-29,373175361,2563542
2022-01-30,375352380,2177019
2022-01-31,379211855,3859475
2022-02-01,382341587,3129732
2022-02-02,385526232,3184645
2022-02-03,388720309,3194077
2022-02-04,391675874,2955565
2022-02-05,393779507,2103633
2022-02-06,395542316,1762809
2022-02-07,398516432,2974116
2022-02-08,401116122,2599690
2022-02-09,403549117,2432995
2022-02-10,406363391,2814274
2022-02-11,408788228,2424837
2022-02-12,410513339,1725111
2022-02-13,411919279,1405940
2022-02-14,413962163,2042884
2022-02-15,415832953,1870790
2022-02-16,418072759,2239806
2022-02-17,420135672,2062913
2022-02-18,422119106,1983434
2022-02-19,423596187,1477081
2022-02-20,424789720,1193533
2022-02-21,426495378,1705658
2022-02-22,428169102,1673724
2022-02-23,430086590,1917488
2022-02-24,431874501,1787911
2022-02-25,433528807,1654306
2022-02-26,434802795,1273988
2022-02-27,435854949,1052154
2022-02-28,437463827,1608878
2022-03-01,439062564,1598737
2022-03-02,440722439,1659875
2022-03-03,442497646,1775207
2022-03-04,444260070,1762424
2022-03-05,445550401,1290331
2022-03-06,446660147,1109746
2022-03-07,448401620,1741473
2022-03-08,449985919,1584299
2022-03-09,451976099,1990180
2022-03-10,453847080,1870981
2022-03-11,455719680,1872600
2022-03-12,457280387,1560707
2022-03-13,458418032,1137645
2022-03-14,460415942,1997910
2022-03-15,462225344,1809402
2022-03-16,464464205,2238861
2022-03-17,466542109,2077904
2022-03-18,468433636,1891527
2022-03-19,469913015,1479379
2022-03-20,470873843,960828
2022-03-21,472753728,1879885
2022-03-22,474730951,1977223
2022-03-23,476534854,1803903
2022-03-24,478319055,1784201
2022-03-25,480078626,1759571
2022-03-26,481203035,1124409
2022-03-27,482053796,850761
2022-03-28,483898093,1844297
2022-03-29,485649915,1751822
2022-03-30,487247590,1597675
2022-03-31,488810861,1563271
2022-04-01,490229883,1419022
2022-04-02,491102544,872661
2022-04-03,491795689,693145
2022-04-04,493029039,1233350
2022-04-05,494394436,1365397
2022-04-06,495614407,1219971
2022-04-07,496892754,1278347
2022-04-08,498067151,1174397
2022-04-09,498809406,742255
2022-04-10,499371019,561613
2022-04-11,500357346,986327
2022-04-12,501476932,1119586
2022-04-13,502551958,1075026
2022-04-14,503514561,962603
2022-04-15,504173546,658985
2022-04-16,504728004,554458
2022-04-17,505135766,407762
2022-04-18,505593027,457261
2022-04-19,506611148,1018121
2022-04-20,507572864,961716
2022-04-21,508494564,921700
2022-04-22,509326073,831509
2022-04-23,509804848,478775
2022-04-24,510170201,365353
2022-04-25,510807207,637006
2022-04-26,511586152,778945
2022-04-27,512270545,684393
2022-04-28,513029820,759275
2022-04-29,513674263,644443
2022-04-30,514028003,353740
2022-05-01,514337424,309421
2022-05-02,514784854,447430
2022-05-03,515456909,672055
2022-05-04,516084404,627495
2022-05-05,516684038,599634
2022-05-06,517314925,630887
2022-05-07,517654258,339333
2022-05-08,517933111,278853
2022-05-09,518623538,690427
2022-05-10,519264799,641261
2022-05-11,519959508,694709
2022-05-12,520612153,652645
2022-05-13,521185114,572961
2022-05-14,521623840,438726
2022-05-15,521997492,373652
2022-05-16,522587922,590430
2022-05-17,523196288,608366
2022-05-18,523956899,760611
2022-05-19,524552967,596068
2022-05-20,525179079,626112
2022-05-21,525546242,367163
2022-05-22,525862056,315814
2022-05-23,526355204,493148
2022-05-24,526949796,594592
2022-05-25,527593755,643959
2022-05-26,528096493,502738
2022-05-27,528666149,569656
2022-05-28,528995178,329029
2022-05-29,529271873,276695
2022-05-30,529616224,344351
2022-05-31,530241569,625345
2022-06-01,530939976,698407
2022-06-02,531470716,530740
2022-06-03,532014270,543554
2022-06-04,532267351,253081
2022-06-05,532530338,262987
2022-06-06,532965247,434909
2022-06-07,533576907,611660
2022-06-08,534283486,706579
2022-06-09,534848531,565045
2022-06-10,535405294,556763
2022-06-11,535689085,283791
2022-06-12,535887333,198248
2022-06-13,536415150,527817
2022-06-14,537272203,857053
2022-06-15,537994296,722093
2022-06-16,538577138,582842
2022-06-17,539110151,533013
2022-06-18,539338742,228591
2022-06-19,539607241,268499
2022-06-20,540362445,755204
2022-06-21,541178509,816064
2022-06-22,541984328,805819
2022-06-23,542767959,783631
2022-06-24,543545293,777334
2022-06-25,543862216,316923
2022-06-26,544148980,286764
2022-06-27,545021364,872384
2022-06-28,545963319,941955
2022-06-29,546896134,932815
2022-06-30,547974317,1078183
2022-07-01,548925491,951174
2022-07-02,549284928,359437
2022-07-03,549643412,358484
2022-07-04,550495502,852090
2022-07-05,551700794,1205292
2022-07-06,552926114,1225320
2022-07-07,553979237,1053123
2022-07-08,554985885,1006648
2022-07-09,555489725,503840
2022-07-10,555912593,422868
2022-07-11,556965871,1053278
2022-07-12,558188894,1223023
2022-07-13,559615969,1427075
2022-07-14,560618337,1002368
2022-07-15,561620875,1002538
2022-07-16,562173878,553003
2022-07-17,562633320,459442
2022-07-18,563831363,1198043
2022-07-19,565376142,1544779
2022-07-20,566978238,1602096
2022-07-21,568132310,1154072
2022-07-22,569227609,1095299
2022-07-23,569864429,636820
2022-07-24,570415520,551091
2022-07-25,571389219,973699
2022-07-26,572585879,1196660
2022-07-27,574012504,1426625
2022-07-28,575128637,1116133
2022-07-29,576504042,1375405
2022-07-30,577080293,576251
2022-07-31,577625050,544757
2022-08-01,578498268,873218
2022-08-02,579688847,1190579
2022-08-03,580844327,1155480
2022-08-04,582298507,1454180
2022-08-05,583199840,901333
2022-08-06,584378161,1178321
2022-08-07,584876085,497924
2022-08-08,585692322,816237
2022-08-09,586732558,1040236
2022-08-10,587759595,1027037
2022-08-11,588765069,1005474
2022-08-12,589518048,752979
2022-08-13,590154612,636564
2022-08-14,590615366,460754
2022-08-15,591470649,855283
2022-08-16,592553956,1083307
2022-08-17,593544473,990517
2022-08-18,594489234,944761
2022-08-19,595290702,801468
2022-08-20,595865130,574428
2022-08-21,596349664,484534
2022-08-22,597060819,711155
2022-08-23,597949972,889153
2022-08-24,598834543,884571
2022-08-25,599699548,865005
2022-08-26,600401903,702355
2022-08-27,600854582,452679
2022-08-28,601260827,406245
2022-08-29,601837965,577138
2022-08-30,602585861,747896
2022-08-31,603339040,753179
2022-09-01,604018804,679764
2022-09-02,604676287,657483
2022-09-03,605052969,376682
2022-09-04,605423358,370389
2022-09-05,605881148,457790
2022-09-06,606554997,673849
2022-09-07,607171546,616549
2022-09-08,607755506,583960
2022-09-09,608281134,525628
2022-09-10,608594366,313232
2022-09-11,608908659,314293
2022-09-12,609393741,485082
2022-09-13,609942218,548477
2022-09-14,610640243,698025
2022-09-15,611251541,611298
2022-09-16,611707437,455896
2022-09-17,612002534,295097
2022-09-18,612257111,254577
2022-09-19,612673963,416852
2022-09-20,613227572,553609
2022-09-21,613745750,518178
2022-09-22,614365390,619640
2022-09-23,614883451,518061
2022-09-24,615148616,265165
2022-09-25,615371539,222923
2022-09-26,615794219,422680
2022-09-27,616393758,599539
2022-09-28,616943716,549958
2022-09-29,617587849,644133
2022-09-30,618060372,472523
2022-10-01,618301429,241057
2022-10-02,618502138,200709
2022-10-03,618822004,319866
2022-10-04,619422193,600189
2022-10-05,620005197,583004
2022-10-06,620645800,640603
2022-10-07,621221027,575227
2022-10-08,621440044,219017
2022-10-09,621658996,218952
2022-10-10,622112629,453633
2022-10-11,622802836,690207
2022-10-12,623353219,550383
2022-10-13,624016113,662894
2022-10-14,624494008,477895
2022-10-15,624712097,218089
2022-10-16,624904267,192170
2022-10-17,625380762,476495
2022-10-18,626009472,628710
2022-10-19,626536431,526959
2022-10-20,627131819,595388
2022-10-21,627563033,431214
2022-10-22,627745374,182341
2022-10-23,627906174,160800
2022-10-24,628292158,385984
2022-10-25,628887107,594949
2022-10-26,629354131,467024
2022-10-27,629825004,470873
2022-10-28,630188852,363848
2022-10-29,630387961,199109
2022-10-30,630555274,167313
2022-10-31,630855587,300313
2022-11-01,631257223,401636
2022-11-02,631605553,348330
2022-11-03,632099160,493607
2022-11-04,632543650,444490
2022-11-05,632744972,201322
2022-11-06,632931615,186643
2022-11-07,633236212,304597
2022-11-08,633687028,450816
2022-11-09,634121053,434025
2022-11-10,634581453,460400
2022-11-11,635069827,488374
2022-11-12,635312334,242507
2022-11-13,635495843,183509
2022-11-14,635842682,346839
2022-11-15,636346431,503749
2022-11-16,636832747,486316
2022-11-17,637312096,479349
2022-11-18,637942820,630724
2022-11-19,638190175,247355
2022-11-20,638412606,222431
2022-11-21,638754188,341582
2022-11-22,639328415,574227
2022-11-23,639919189,590774
2022-11-24,640339580,420391
2022-11-25,641037771,698191
2022-11-26,641308397,270626
2022-11-27,641571858,263461
2022-11-28,641977647,405789
2022-11-29,642708342,730695
2022-11-30,643244123,535781
2022-12-01,643950364,706241
2022-12-02,644711955,761591
2022-12-03,645011864,299909
2022-12-04,645269011,257147
2022-12-05,645774500,505489
2022-12-06,646399010,624510
2022-12-07,647032502,633492
2022-12-08,647841604,809102
2022-12-09,648512056,670452
2022-12-10,648786733,274677
2022-12-11,649085967,299234
2022-12-12,649658720,572753
2022-12-13,650436793,778073
2022-12-14,651122541,685748
2022-12-15,651873247,750706
2022-12-16,652605304,732057
2022-12-17,652905777,300473
2022-12-18,653189501,283724
2022-12-19,653775912,586411
2022-12-20,654484792,708880
2022-12-21,655205564,720772
2022-12-22,655963530,757966
2022-12-23,656604975,641445
2022-12-24,656949354,344379
2022-12-25,657135648,186294
2022-12-26,657655053,519405
2022-12-27,658309208,654155
2022-12-28,658946340,637132
2022-12-29,659617625,671285
2022-12-30,660199728,582103
2022-12-31,660463792,264064
2023-01-01,660778387,314595
2023-01-02,661198108,419721
2023-01-03,661660893,462785
2023-01-04,662231345,570452
2023-01-05,662966595,735250
2023-01-06,663685449,718854
2023-01-07,664042494,357045
2023-01-08,664369944,327450
2023-01-09,664718936,348992
2023-01-10,665113877,394941
2023-01-11,665620426,506549
2023-01-12,666097539,477113
2023-01-13,666533383,435844
2023-01-14,666754735,221352
2023-01-15,666951599,196864
2023-01-16,667166217,214618
2023-01-17,667518310,352093
2023-01-18,667896028,377718
2023-01-19,668220526,324498
2023-01-20,668562246,341720
2023-01-21,668715650,153404
2023-01-22,668830077,114427
2023-01-23,669001131,171054
2023-01-24,669272951,271820
2023-01-25,669567171,294220
2023-01-26,669848920,281749
2023-01-27,670086844,237924
2023-01-28,670220207,133363
2023-01-29,670344054,123847
2023-01-30,670503932,159878
2023-01-31,670734589,230657
2023-02-01,671032404,297815
2023-02-02,671291489,259085
2023-02-03,671529548,238059
2023-02-04,671632287,102739
2023-02-05,671721476,89189
2023-02-06,671867463,145987
2023-02-07,672065240,197777
2023-02-08,672295338,230098
2023-02-09,672554241,258903
2023-02-10,672696324,142083
2023-02-11,672828531,132207
2023-02-12,672906177,77646
2023-02-13,673044131,137954
2023-02-14,673237731,193600
2023-02-15,673477639,239908
2023-02-16,673685532,207893
2023-02-17,673878833,193301
2023-02-18,673969796,90963
2023-02-19,674056229,86433
2023-02-20,674143589,87360
2023-02-21,674323721,180132
2023-02-22,674569824,246103
2023-02-23,674790916,221092
2023-02-24,674933342,142426
2023-02-25,674978793,45451
2023-02-26,675044414,65621
2023-02-27,675171439,127025
2023-02-28,675322238,150799
2023-03-01,675542852,220614
2023-03-02,675731911,189059
2023-03-03,675914580,182669
2023-03-04,675968775,54195
2023-03-05,676024901,56126
2023-03-06,676082941,58040
2023-03-07,676213378,130437
2023-03-08,676392824,179446
2023-03-09,676570149,177325
