date,y,month,day,dayofweek,dayofyear,is_weekend,lag_1,lag_2,lag_3,lag_7,rollmean_7,rollstd_7,rollmean_14,rollstd_14
2025-07-15,119833.67446712356,7,15,1,196,0,119117.55666327637,117418.95745007684,117571.02510036016,108300.71675785031,114081.23267034619,4457.427607290313,111086.78819787358,4436.7900601841975
2025-07-16,117678.19493404306,7,16,2,197,0,119833.67446712356,119117.55666327637,117418.95745007684,108953.19187727802,115728.79805738523,4080.173315847265,111993.99358073818,4845.759968012944
2025-07-17,118748.1627367753,7,17,3,198,0,117678.19493404306,119833.67446712356,119117.55666327637,111327.53054245668,116975.22706549452,2795.92256369683,112855.7646659105,4694.17922143737
2025-07-18,119445.36520434044,7,18,4,199,0,118748.1627367753,117678.19493404306,119833.67446712356,115879.65030112496,118035.3173789686,1309.158919704372,113564.60170198877,4786.950632779797
2025-07-19,117988.94664455787,7,19,5,200,1,119445.36520434044,118748.1627367753,117678.19493404306,117571.02510036016,118544.7052222851,983.9025152554091,114267.68458521737,4882.11717622397
2025-07-20,117901.62655900871,7,20,6,201,1,117988.94664455787,119445.36520434044,118748.1627367753,117418.95745007684,118604.40830002763,925.9453162037189,114978.25992125648,4623.201421128497
2025-07-21,117256.9208222684,7,21,0,202,0,117901.62655900871,117988.94664455787,119445.36520434044,119117.55666327637,118673.36102987504,836.6177419411516,115669.98549690537,4242.648664655027
2025-07-22,117482.46977767294,7,22,1,203,0,117256.9208222684,117901.62655900871,117988.94664455787,119833.67446712356,118407.55590973106,958.6450546224893,116244.39429003862,3825.3780304964603
2025-07-23,119955.79570607652,7,23,2,204,0,117482.46977767294,117256.9208222684,117901.62655900871,117678.19493404306,118071.66952552382,768.7906753281678,116900.23379145454,3071.516586635595
2025-07-24,118629.05588130427,7,24,3,205,0,119955.79570607652,117482.46977767294,117256.9208222684,118748.1627367753,118397.04106438575,1016.5527824321048,117686.13406494014,2151.543594653222
2025-07-25,118354.43517438594,7,25,4,206,0,118629.05588130427,119955.79570607652,117482.46977767294,119445.36520434044,118380.02579931845,1010.6759428350958,118207.67158914353,1137.7461276752035
2025-07-26,117540.8083708574,7,26,5,207,1,118354.43517438594,118629.05588130427,119955.79570607652,117988.94664455787,118224.1786521821,896.7054205861675,118384.4419372336,919.5504383418224
2025-07-27,117959.54234360624,7,27,6,208,1,117540.8083708574,118354.43517438594,118629.05588130427,117901.62655900871,118160.15889879632,931.6164098019389,118382.28359941197,921.6396149675354
2025-07-28,119418.91405141471,7,28,0,209,0,117959.54234360624,117540.8083708574,118354.43517438594,117256.9208222684,118168.43258231026,929.191733416879,118420.89680609263,888.9186915120167
2025-07-29,118003.30201607826,7,29,1,210,0,119418.91405141471,117959.54234360624,117540.8083708574,117482.46977767294,118477.28875790257,935.0123813948535,118442.4223338168,910.4736852568917
2025-07-30,117853.30892863822,7,30,2,211,0,118003.30201607826,119418.91405141471,117959.54234360624,119955.79570607652,118551.69336338904,860.4006073671901,118311.68144445642,822.4938598320302
2025-07-31,117833.24087995924,7,31,3,212,0,117853.30892863822,118003.30201607826,119418.91405141471,118629.05588130427,118251.33810946929,622.6930371389961,118324.18958692752,813.4002608512204
2025-08-01,115700.00243915782,8,1,4,213,0,117833.24087995924,117853.30892863822,118003.30201607826,118354.43517438594,118137.65025213429,614.8359926075567,118258.83802572638,813.4705150889819
2025-08-02,113234.6051343189,8,2,5,214,1,115700.00243915782,117833.24087995924,117853.30892863822,117540.8083708574,117758.44557567312,1092.1460248731537,117991.3121139276,989.9633579340011
2025-08-03,112554.90232221724,8,3,6,215,1,113234.6051343189,115700.00243915782,117833.24087995924,117959.54234360624,117143.27368473905,2038.1940059777346,117651.71629176768,1611.307592062308
2025-08-04,114199.10966460756,8,4,0,216,0,112554.90232221724,113234.6051343189,115700.00243915782,119418.91405141471,116371.18225311206,2618.5043384038863,117269.80741771114,2105.3988128774845
2025-08-05,115138.68613070175,8,5,1,217,0,114199.10966460756,112554.90232221724,113234.6051343189,118003.30201607826,115625.49591213961,2333.676755786778,117051.3923350211,2259.787271236948
2025-08-06,114128.35408881678,8,6,2,218,0,115138.68613070175,114199.10966460756,112554.90232221724,117853.30892863822,115216.26507137154,2085.146514881003,116883.97921738029,2311.61844371564
2025-08-07,115022.09576830892,8,7,3,219,0,114128.35408881678,115138.68613070175,114199.10966460756,117833.24087995924,114684.12866568276,1748.0647324075226,116467.73338757602,2239.4762921199303
2025-08-08,117463.47451085236,8,8,4,220,0,115022.09576830892,114128.35408881678,115138.68613070175,115700.00243915782,114282.53650687556,1110.7626540929748,116210.09337950494,2178.3472702998056
2025-08-09,116688.36663186055,8,9,5,221,1,117463.47451085236,115022.09576830892,114128.35408881678,113234.6051343189,114534.46108854622,1584.7006549282257,116146.45333210968,2123.198250437362
2025-08-10,116510.08393213755,8,10,6,222,1,116688.36663186055,117463.47451085236,115022.09576830892,112554.90232221724,115027.85558819503,1648.9023448026476,116085.56463646704,2092.1310542004835
2025-08-11,119266.92516880557,8,11,0,223,0,116510.08393213755,116688.36663186055,117463.47451085236,114199.10966460756,115592.88153246934,1301.2811917573708,115982.0318927907,2027.1146281335255
2025-08-12,118773.79960860992,8,12,1,224,0,119266.92516880557,116510.08393213755,116688.36663186055,115138.68613070175,116316.85517592622,1734.3119772812538,115971.17554403291,2007.6054071557037
2025-08-13,120202.53485503166,8,13,2,225,0,118773.79960860992,119266.92516880557,116510.08393213755,114128.35408881678,116836.15710134165,1862.2477648098768,116026.21108635662,2076.961390275287
2025-08-14,123560.99363577303,8,14,3,226,0,120202.53485503166,118773.79960860992,119266.92516880557,115022.09576830892,117703.89721080092,1804.4986454315456,116194.01293824185,2316.9638829164405
2025-08-15,118405.59579823952,8,15,4,227,0,123560.99363577303,120202.53485503166,118773.79960860992,117463.47451085236,118923.73976329582,2457.4614528178554,116603.13813508568,3025.915622785244
2025-08-16,117339.79190213275,8,16,5,228,1,118405.59579823952,123560.99363577303,120202.53485503166,116688.36663186055,119058.32851863683,2389.0025946021447,116796.39480359152,3050.100568507173
2025-08-17,117501.21653394958,8,17,6,229,1,117339.79190213275,118405.59579823952,123560.99363577303,116510.08393213755,119151.38927153285,2292.016107181649,117089.62242986394,2873.5619253053087
2025-08-18,117542.83687778088,8,18,0,230,0,117501.21653394958,117339.79190213275,118405.59579823952,119266.92516880557,119292.9796432203,2126.2748469229596,117442.9305878448,2560.10525460032
2025-08-19,116256.41276740946,8,19,1,231,0,117542.83687778088,117501.21653394958,117339.79190213275,118773.79960860992,119046.68131593104,2227.2535086045673,117681.76824592862,2384.127077764525
2025-08-20,112778.34483555844,8,20,2,232,0,116256.41276740946,117542.83687778088,117501.21653394958,120202.53485503166,118687.05462433098,2468.797406128743,117761.60586283634,2309.977355240641
2025-08-21,114252.39755195397,8,21,3,233,0,112778.34483555844,116256.41276740946,117542.83687778088,123560.99363577303,117626.45605012053,3196.661004965952,117665.17663046074,2494.149024278124
2025-08-22,112414.39987336512,8,22,4,234,0,114252.39755195397,112778.34483555844,116256.41276740946,118405.59579823952,116296.65660957494,2045.271702122582,117610.19818643537,2564.3862574100185
2025-08-23,116834.24948202296,8,23,5,235,1,112414.39987336512,114252.39755195397,112778.34483555844,117339.79190213275,115440.77147745003,2258.1458235181485,117249.54999804343,2917.3598714693376
2025-08-24,115359.98346714744,8,24,6,236,1,116834.24948202296,112414.39987336512,114252.39755195397,117501.21653394958,115368.55113172006,2194.4751570379226,117259.97020162646,2915.4611678310894
2025-08-25,113399.54847314973,8,25,0,237,0,115359.98346714744,116834.24948202296,112414.39987336512,117542.83687778088,115062.66069360546,1987.0898425939238,117177.82016841289,2954.1628914170674
2025-08-26,110185.35443900424,8,26,1,238,0,113399.54847314973,115359.98346714744,116834.24948202296,116256.41276740946,114470.76235008673,1724.984012732519,116758.7218330089,3049.640439733536
2025-08-27,111842.70999260596,8,27,2,239,0,110185.35443900424,113399.54847314973,115359.98346714744,112778.34483555844,113603.4683031717,2151.1314801704125,116145.26146375133,3450.5734000787434
2025-08-28,111216.08479629167,8,28,3,240,0,111842.70999260596,110185.35443900424,113399.54847314973,114252.39755195397,113469.80618274992,2238.2501358669906,115548.13111643521,3417.629800899622
2025-08-29,112525.59740669793,8,29,4,241,0,111216.08479629167,111842.70999260596,110185.35443900424,112414.39987336512,113036.0472176553,2352.600156645082,114666.35191361513,2710.6299384042936
2025-08-30,108480.30666639366,8,30,5,242,1,112525.59740669793,111216.08479629167,111842.70999260596,116834.24948202296,113051.93257955999,2348.074110062055,114246.35202850502,2536.6388572880496
2025-08-31,108781.95727925688,8,31,6,243,1,108480.30666639366,112525.59740669793,111216.08479629167,115359.98346714744,111858.51217732723,2225.0389023596094,113613.53165452364,2797.257215778987
2025-09-01,108253.36092385623,9,1,0,244,0,108781.95727925688,108480.30666639366,112525.59740669793,113399.54847314973,110918.79415048573,1858.6817801734107,112990.72742204562,2835.4900371497197
2025-09-02,109162.68557992298,9,2,1,245,0,108253.36092385623,108781.95727925688,108480.30666639366,110185.35443900424,110183.62450058665,1727.004108129027,112327.19342533669,2774.5700497722487
2025-09-03,111190.18209845416,9,3,2,246,0,109162.68557992298,108253.36092385623,108781.95727925688,111842.70999260596,110037.52894928934,1769.5651562481,111820.4986262305,2646.5957391975044
2025-09-04,111711.51977725116,9,4,3,247,0,111190.18209845416,109162.68557992298,108253.36092385623,111216.08479629167,109944.31067869622,1673.1840013662327,111707.05843072306,2636.3985510638176
2025-09-05,110724.736377486,9,5,4,248,0,111711.51977725116,111190.18209845416,109162.68557992298,112525.59740669793,110015.08710454757,1744.888806829971,111525.56716110145,2533.1325497361795
2025-09-06,110662.18112628513,9,6,5,249,1,110724.736377486,111711.51977725116,111190.18209845416,108480.30666639366,109757.82124323158,1414.5353618056338,111404.8769113958,2527.7729196527557
2025-09-07,110209.1888247784,9,7,6,250,1,110662.18112628513,110724.736377486,111711.51977725116,108781.95727925688,110069.51759464465,1323.5811733352562,110964.01488598595,1988.771307878899
2025-09-08,111131.9923868407,9,8,0,251,0,110209.1888247784,110662.18112628513,110724.736377486,108253.36092385623,110273.40781543344,1195.9585183913957,110596.10098295957,1538.4287876598605
2025-09-09,112025.12878118773,9,9,1,252,0,111131.9923868407,110209.1888247784,110662.18112628513,109162.68557992298,110684.64088157409,822.0594306935678,110434.13269108036,1325.1563139020413
2025-09-10,111547.43956434788,9,10,2,253,0,112025.12878118773,111131.9923868407,110209.1888247784,111190.18209845416,111093.5613388976,627.7922336007034,110565.54514409347,1388.3060794281203
2025-09-11,113975.32489468766,9,11,3,254,0,111547.43956434788,112025.12878118773,111131.9923868407,111711.51977725116,111144.59811973957,651.0472503059688,110544.45439921788,1369.527098091249
2025-09-12,115503.16663193036,9,12,4,255,0,113975.32489468766,111547.43956434788,112025.12878118773,110724.736377486,111467.99885080193,1258.482738027312,110741.54297767475,1644.5440892440704
2025-09-13,116160.14344594492,9,13,5,256,1,115503.16663193036,113975.32489468766,111547.43956434788,110662.18112628513,112150.63174429398,1913.5873404922038,110954.22649376278,2038.3960158364107
2025-09-14,115970.58488443034,9,14,6,257,1,116160.14344594492,115503.16663193036,113975.32489468766,110209.1888247784,112936.0549328168,2291.774087400826,111502.78626373073,2333.4392021137655
2025-09-15,115373.55555886828,9,15,0,258,0,115970.58488443034,116160.14344594492,115503.16663193036,111131.9923868407,113759.11151276708,2181.1307895052223,112016.25966410025,2475.2831340995813
2025-09-16,115397.25272727507,9,16,1,259,0,115373.55555886828,115970.58488443034,116160.14344594492,112025.12878118773,114365.04910877101,1900.8130370095162,112524.84499517256,2371.9863141939213
2025-09-17,116762.8496864193,9,17,2,260,0,115397.25272727507,115373.55555886828,115970.58488443034,111547.43956434788,114846.78110106921,1614.739318165739,112970.17121998341,2275.493893408879
2025-09-18,116455.9464822532,9,18,3,261,0,116762.8496864193,115397.25272727507,115373.55555886828,113975.32489468766,115591.83968993656,870.2659110579978,113368.21890483807,2422.81151385018
2025-09-19,117145.49508952006,9,19,4,262,0,116455.9464822532,116762.8496864193,115397.25272727507,115503.16663193036,115946.21420244593,547.5198527835777,113707.10652662392,2503.7170109439735
2025-09-20,115655.81046441344,9,20,5,263,1,117145.49508952006,116455.9464822532,116762.8496864193,116160.14344594492,116180.83255353016,665.2482039128918,114165.73214891207,2503.4598376691392
2025-09-21,115715.51536781774,9,21,6,264,1,115655.81046441344,117145.49508952006,116455.9464822532,115970.58488443034,116108.78498473996,694.5280443778288,114522.41995877838,2314.4918360852357
2025-09-22,115304.47999407038,9,22,0,265,0,115715.51536781774,115655.81046441344,117145.49508952006,115373.55555886828,116072.34648236672,709.5165724216599,114915.72899756693,1966.9024419675677
2025-09-23,112696.74101711863,9,23,1,266,0,115304.47999407038,115715.51536781774,115655.81046441344,115397.25272727507,116062.47854453846,721.2386515515907,115213.76382665474,1638.1059836538948
2025-09-24,112022.16587861197,9,24,2,267,0,112696.74101711863,115304.47999407038,115715.51536781774,116762.8496864193,115676.69115737325,1469.9745753929374,115261.73612922124,1544.714993952215
2025-09-25,113320.56908541008,9,25,3,268,0,112022.16587861197,112696.74101711863,115304.47999407038,116455.9464822532,114999.45061340078,1911.8134016292315,115295.64515166868,1459.783869529115
2025-09-26,108963.53013595636,9,26,4,269,0,113320.56908541008,112022.16587861197,112696.74101711863,117145.49508952006,114551.5395567089,1880.73902416006,115248.87687957741,1514.790018026301
2025-09-27,109710.20874667744,9,27,5,270,1,108963.53013595636,113320.56908541008,112022.16587861197,115655.81046441344,113382.68742048553,2454.8188129924897,114781.75998700784,2256.883489616042
2025-09-28,109654.81021075726,9,28,6,271,1,109710.20874667744,108963.53013595636,113320.56908541008,115715.51536781774,112533.31574652322,2563.422126141918,114321.0503656316,2587.9148744224904
2025-09-29,112142.57362752674,9,29,0,272,0,109654.81021075726,109710.20874667744,108963.53013595636,115304.47999407038,111667.50072408603,2321.5924168153224,113869.92360322639,2818.46333252142
2025-09-30,114309.15041119448,9,30,1,273,0,112142.57362752674,109654.81021075726,109710.20874667744,112696.74101711863,111215.79981457979,1727.6471558467751,113639.1391795591,2818.1517513270246
2025-10-01,114024.22783550054,10,1,2,274,0,114309.15041119448,112142.57362752674,109654.81021075726,112022.16587861197,111446.14401373347,2037.6788301171578,113561.41758555337,2780.6904728171166
2025-10-02,118503.24451752484,10,2,3,275,0,114024.22783550054,114309.15041119448,112142.57362752674,113320.56908541008,111732.15286471756,2260.34354511271,113365.80173905916,2630.4199953095017
2025-10-03,120611.71911591051,10,3,4,276,0,118503.24451752484,114024.22783550054,114309.15041119448,108963.53013595636,112472.53506930538,3419.122038137409,113512.03731300715,2862.131501807453
2025-10-04,122250.15186842805,10,4,5,277,1,120611.71911591051,118503.24451752484,114024.22783550054,109710.20874667744,114136.56206644168,4177.173555206841,113759.6247434636,3314.752924148884
2025-10-05,122380.93708463266,10,5,6,278,1,122250.15186842805,120611.71911591051,118503.24451752484,109654.81021075726,115927.98251240607,4627.203956420676,114230.64912946464,4002.173114374747
2025-10-06,123506.18520027678,10,6,0,279,0,122380.93708463266,122250.15186842805,120611.71911591051,112142.57362752674,117746.0006372454,4235.124976417009,114706.7506806657,4551.204520818
2025-10-07,124773.50823074432,10,7,1,280,0,123506.18520027678,122380.93708463266,122250.15186842805,114309.15041119448,119369.37371906683,3893.4057970430445,115292.58676682331,5125.673886870373
2025-10-08,121518.75593575073,10,8,2,281,0,124773.50823074432,123506.18520027678,122380.93708463266,114024.22783550054,120864.28197900254,3626.4584918367987,116155.21299636799,5645.111205631374
2025-10-09,123352.50487523204,10,9,3,282,0,121518.75593575073,124773.50823074432,123506.18520027678,118503.24451752484,121934.92885046684,2021.7652999495238,116833.5408575922,5680.725573740314
2025-10-10,121698.03066778315,10,10,4,283,0,123352.50487523204,121518.75593575073,124773.50823074432,120611.71911591051,122627.68033013931,1378.3408930903563,117550.10769972233,5834.154926713793
2025-10-11,113201.74064138904,10,11,5,284,1,121698.03066778315,123352.50487523204,121518.75593575073,122250.15186842805,122782.86769469254,1156.900223010895,118459.71488056712,5366.407520419987
2025-10-12,110853.11663883904,10,12,6,285,1,113201.74064138904,121698.03066778315,123352.50487523204,122380.93708463266,121490.23751940124,3826.4097364128957,118709.11001590364,4996.92174644579
2025-10-13,115189.5714637257,10,13,0,286,0,110853.11663883904,113201.74064138904,121698.03066778315,123506.18520027678,119843.40602714501,5495.742078956423,118794.7033321952,4837.622351298948
2025-10-14,115222.28302116522,10,14,1,287,0,115189.5714637257,110853.11663883904,113201.74064138904,124773.50823074432,118655.31835049487,5470.838518471773,119012.34603478086,4576.8368277052905
2025-10-15,113156.56943826911,10,15,2,288,0,115222.28302116522,115189.5714637257,110853.11663883904,121518.75593575073,117290.85760626927,4845.989009395245,119077.5697926359,4510.6850081004295
2025-10-16,110708.66960879424,10,16,3,289,0,113156.56943826911,115222.28302116522,115189.5714637257,123352.50487523204,116096.25953520047,4657.063083584304,119015.59419283367,4590.708314385622
2025-10-17,108076.72862033188,10,17,4,290,0,110708.66960879424,113156.56943826911,115222.28302116522,121698.03066778315,114289.99735428079,3734.1747571974115,118458.83884221004,5101.829681819714
2025-10-18,106443.61194984637,10,18,5,291,1,108076.72862033188,110708.66960879424,113156.56943826911,113201.74064138904,112344.09706178775,2610.3774264710455,117563.48237824014,5753.277953614959
2025-10-19,107156.00337647724,10,19,6,292,1,106443.61194984637,108076.72862033188,110708.66960879424,110853.11663883904,111378.65010585308,3377.3751920025106,116434.44381262716,6288.837167964307
2025-10-20,108621.134857428,10,20,0,293,0,107156.00337647724,106443.61194984637,108076.72862033188,115189.5714637257,110850.49106837284,3742.5899080577988,115346.94854775893,6494.463792663494
2025-10-21,110608.5714932665,10,21,1,294,0,108621.134857428,107156.00337647724,106443.61194984637,115222.28302116522,109912.14298175885,3266.517152252408,114283.73066612687,6270.518042373814
2025-10-22,108486.1026271664,10,22,2,295,0,110608.5714932665,108621.134857428,107156.00337647724,113156.56943826911,109253.04133491618,2354.6877501130466,113271.94947059274,5549.024167298087
2025-10-23,107618.4266715404,10,23,3,296,0,108486.1026271664,110608.5714932665,108621.134857428,110708.66960879424,108585.83179047295,1607.3689525432967,112341.04566283671,5137.000518599516
2025-10-24,110048.51827291628,10,24,4,297,0,107618.4266715404,108486.1026271664,110608.5714932665,108076.72862033188,108144.3685137224,1327.090375332916,111217.1829340016,4173.3773295294095
2025-10-25,110997.80437129698,10,25,5,298,1,110048.51827291628,107618.4266715404,108486.1026271664,106443.61194984637,108426.05274980588,1507.359848325435,110385.0749057968,2885.58717439069
2025-10-26,111620.3093731354,10,26,6,299,1,110997.80437129698,110048.51827291628,107618.4266715404,107156.00337647724,109076.65166715598,1491.8492156023412,110227.65088650453,2778.2237332931763
2025-10-27,114476.01227508576,10,27,0,300,0,111620.3093731354,110997.80437129698,110048.51827291628,108621.134857428,109714.40966667855,1488.166786103826,110282.4503675257,2798.998460279268
2025-10-28,114182.79442806762,10,28,1,301,0,114476.01227508576,111620.3093731354,110997.80437129698,110608.5714932665,110550.82072634397,2231.1569370436955,110231.48185405142,2707.7787649238207
2025-10-29,112950.34863259472,10,29,2,302,0,114182.79442806762,114476.01227508576,111620.3093731354,108486.1026271664,111061.42400274413,2621.4263148188056,110157.23266883015,2571.2081791052483
2025-10-30,110046.66925837284,10,30,3,303,0,112950.34863259472,114182.79442806762,114476.01227508576,107618.4266715404,111699.17343209102,2426.2433675495563,110142.502611282,2553.231551011733
2025-10-31,108240.76528725718,10,31,4,304,0,110046.66925837284,112950.34863259472,114182.79442806762,110048.51827291628,112046.06523020995,1850.9402905309764,110095.21687196617,2548.064474738602
2025-11-01,109573.90555629117,11,1,5,305,1,108240.76528725718,110046.66925837284,112950.34863259472,110997.80437129698,111787.8148036872,2257.548101529418,110106.93377674655,2538.4276967712635
2025-11-02,110014.13556776088,11,2,6,306,1,109573.90555629117,108240.76528725718,110046.66925837284,111620.3093731354,111584.4006872578,2400.2353057355185,110330.52617720689,2319.3380960177365
2025-11-03,110650.2092823146,11,3,0,307,0,110014.13556776088,109573.90555629117,108240.76528725718,114476.01227508576,111354.94728649002,2471.931707771467,110534.67847658429,2137.041329896723
2025-11-04,106521.0867382576,11,4,1,308,0,110650.2092823146,110014.13556776088,109573.90555629117,114182.79442806762,110808.40400180842,2054.5607910448657,110679.6123640762,2064.869337162074
2025-11-05,101635.2740227234,11,5,2,309,0,106521.0867382576,110650.2092823146,110014.13556776088,112950.34863259472,109713.87433183556,1997.3287346248742,110387.64916728984,2345.5818270093346
2025-11-06,103877.9596595516,11,6,3,310,0,101635.2740227234,106521.0867382576,110650.2092823146,110046.66925837284,108097.43510185395,3173.7154622066705,109898.3042669725,3295.201368657032
2025-11-07,101322.6402945857,11,7,4,311,0,103877.9596595516,101635.2740227234,106521.0867382576,108240.76528725718,107216.19087345092,3391.242114891825,109631.12805183043,3629.006224455842
2025-11-08,103396.084215925,11,8,5,312,1,101322.6402945857,103877.9596595516,101635.2740227234,109573.90555629117,106227.88730306928,3996.87620850144,109007.85105337824,4248.29409639683
2025-11-09,102290.13714655169,11,9,6,313,1,103396.084215925,101322.6402945857,103877.9596595516,110014.13556776088,105345.34139730268,3812.7237901417643,108464.87104228024,4455.147983550621
2025-11-10,104709.67861656273,11,10,0,314,0,102290.13714655169,103396.084215925,101322.6402945857,110650.2092823146,104241.91305141566,3322.5224204318088,107798.43016895282,4640.797392653758
2025-11-11,105909.07272321742,11,11,1,315,0,104709.67861656273,102290.13714655169,103396.084215925,106521.0867382576,103393.26581345111,1841.4695447333445,107100.83490762976,4279.812549841614
2025-11-12,102960.77564500563,11,12,2,316,0,105909.07272321742,104709.67861656273,102290.13714655169,101635.2740227234,103305.83523987395,1675.2399051221005,106509.85478585474,3767.215686761564
2025-11-13,101521.70859453591,11,13,3,317,0,102960.77564500563,105909.07272321742,104709.67861656273,103877.9596595516,103495.1926144857,1522.9286629607848,105796.31385816981,3379.6098429682593
2025-11-14,99730.4533956204,11,14,4,318,0,101521.70859453591,102960.77564500563,105909.07272321742,101322.6402945857,103158.58531948343,1676.845627146046,105187.3880964672,3322.401540418536
2025-11-15,94456.39368235336,11,15,5,319,1,99730.4533956204,101521.70859453591,102960.77564500563,103396.084215925,102931.13004820269,2036.7502953480184,104579.50867563598,3494.835272241766
2025-11-16,95508.31019889197,11,16,6,320,1,94456.39368235336,99730.4533956204,101521.70859453591,102290.13714655169,101654.03140054959,3765.594640852615,103499.68639892615,4113.669402755663
2025-11-17,94411.32947182968,11,17,0,321,0,95508.31019889197,94456.39368235336,99730.4533956204,104709.67861656273,100685.19897945535,4394.561463570097,102463.55601543549,4173.024236431944
2025-11-18,92036.7255045672,11,18,1,322,0,94411.32947182968,95508.31019889197,94456.39368235336,105909.07272321742,99214.00624449349,4543.9917940793775,101303.6360289723,3974.5823772830695
2025-11-19,92819.759215009,11,19,2,323,0,92036.7255045672,94411.32947182968,95508.31019889197,102960.77564500563,97232.24235611488,4144.974777731445,100269.0387979944,4376.803581629692
2025-11-20,91363.27838693369,11,20,3,324,0,92819.759215009,92036.7255045672,94411.32947182968,101521.70859453591,95783.52572325822,3536.649782411444,99639.35916887193,4780.630327121429
2025-11-21,86649.97257918229,11,21,4,325,0,91363.27838693369,92819.759215009,92036.7255045672,99730.4533956204,94332.32140788647,2796.3439284170986,98745.45336368495,5087.302254479577
2025-11-22,85051.8019295002,11,22,5,326,1,86649.97257918229,91363.27838693369,92819.759215009,94456.39368235336,92463.68129125246,2953.900798560295,97697.40566972758,5953.211688710317
2025-11-23,84682.62429147748,11,23,6,327,1,85051.8019295002,86649.97257918229,91363.27838693369,95508.31019889197,91120.16818370202,3887.6522537133415,96387.0997921258,6587.454382965297
2025-11-24,86783.84766839583,11,24,0,328,0,84682.62429147748,85051.8019295002,86649.97257918229,94411.32947182968,89573.64162549993,4002.645178026793,95129.42030247765,7039.085971998488
2025-11-25,88229.35740719768,11,25,1,329,0,86783.84766839583,84682.62429147748,85051.8019295002,92036.7255045672,88484.00136786653,3468.802048600916,93849.00380618,6788.271620657303
2025-11-26,87310.33159950442,11,26,2,330,0,88229.35740719768,86783.84766839583,84682.62429147748,92819.759215009,87940.09163967088,3097.516643014104,92586.16699789288,5966.939550882203
2025-11-27,90474.22677969698,11,27,3,331,0,87310.33159950442,88229.35740719768,86783.84766839583,91363.27838693369,87153.03055174164,2229.231634889562,91468.27813749993,5302.853051837286
2025-11-28,91279.06057176425,11,28,4,332,0,90474.22677969698,87310.33159950442,88229.35740719768,86649.97257918229,87026.02317927928,1958.2340485831144,90679.17229358286,4444.203641120841
2025-11-29,90950.37695910994,11,29,5,333,1,91279.06057176425,90474.22677969698,87310.33159950442,85051.8019295002,87687.32146393384,2513.0920063145836,90075.50137759316,3617.209021412062
2025-11-30,90841.45258193676,11,30,6,334,1,90950.37695910994,91279.06057176425,90474.22677969698,84682.62429147748,88529.97503959238,2470.657847667298,89825.07161164719,3405.7620101756565
2025-12-01,90406.28448571144,12,1,0,335,0,90841.45258193676,90950.37695910994,91279.06057176425,86783.84766839583,89409.80765251513,1903.8112591958118,89491.72463900755,3012.383925478928
2025-12-02,86281.49519776918,12,2,1,336,0,90406.28448571144,90841.45258193676,90950.37695910994,88229.35740719768,89927.29862641737,1525.8716497056937,89205.64999714194,2681.218237470907
2025-12-03,91344.73275150164,12,3,2,337,0,86281.49519776918,90406.28448571144,90841.45258193676,87310.33159950442,89649.03259649899,1993.178371380136,88794.56211808494,2654.834391792131
2025-12-04,93619.43750817105,12,4,3,338,0,91344.73275150164,86281.49519776918,90406.28448571144,90474.22677969698,90225.37561821287,1775.633118656074,88689.20308497727,2508.012462403111
2025-12-05,92140.70419795792,12,5,4,339,0,93619.43750817105,91344.73275150164,86281.49519776918,91279.06057176425,90674.69143656633,2197.0349000545307,88850.3573079228,2753.523446667068
2025-12-06,89307.09154512963,12,6,5,340,1,92140.70419795792,93619.43750817105,91344.73275150164,90950.37695910994,90797.78338316541,2259.780375984429,89242.55242354961,2806.5286443148652
2025-12-07,89244.7620814118,12,7,6,341,1,89307.09154512963,92140.70419795792,93619.43750817105,90841.45258193676,90563.02832402536,2325.6809711756136,89546.50168180886,2535.0500356186094
2025-12-08,90162.90714007126,12,8,0,342,0,89244.7620814118,89307.09154512963,92140.70419795792,90406.28448571144,90334.92968109323,2371.6680051811204,89872.36866680418,2121.1628942580205
2025-12-09,90618.0535204608,12,9,1,343,0,90162.90714007126,89244.7620814118,89307.09154512963,86281.49519776918,90300.16148885891,2372.231481711458,90113.73005763814,1925.960149454882
2025-12-10,92723.21372069632,12,10,2,344,0,90618.0535204608,90162.90714007126,89244.7620814118,91344.73275150164,90919.66982067202,1582.7052678484624,90284.35120858552,1850.5116185295085
2025-12-11,92005.13714957412,12,11,3,345,0,92723.21372069632,90618.0535204608,90162.90714007126,93619.43750817105,91116.59567341411,1723.870130116805,90670.9856458135,1743.7264106844195
2025-12-12,92494.17691640416,12,12,4,346,0,92005.13714957412,92723.21372069632,90618.0535204608,92140.70419795792,90885.9813364717,1413.2337180663046,90780.336386519,1778.101912365038
2025-12-13,90307.26028567804,12,13,5,347,1,92494.17691640416,92005.13714957412,92723.21372069632,89307.09154512963,90936.47743910688,1470.685317620427,90867.13041113612,1833.1239005258867
2025-12-14,90257.4292885891,12,14,6,348,1,90307.26028567804,92494.17691640416,92005.13714957412,89244.7620814118,91079.35868775666,1327.629610556144,90821.193505891,1838.9261881445893
2025-12-15,88230.77409367911,12,15,0,349,0,90257.4292885891,90307.26028567804,92494.17691640416,90162.90714007126,91224.02543163912,1135.7028850494341,90779.47755636617,1845.0453487671095
2025-12-16,86413.9190195637,12,16,1,350,0,88230.77409367911,90257.4292885891,90307.26028567804,90618.0535204608,90948.00642501167,1583.2036275655362,90624.0839569353,1966.5091345091575
2025-12-17,87821.88919109134,12,17,2,351,0,86413.9190195637,88230.77409367911,90257.4292885891,92723.21372069632,90347.41578202636,2343.9040863464697,90633.54280134919,1944.2066877642417
2025-12-18,86064.94716216,12,18,3,352,0,87821.88919109134,86413.9190195637,88230.77409367911,92005.13714957412,89647.22656351137,2245.9345612316674,90381.91111846273,2069.0458820606746
2025-12-19,85450.3312009302,12,19,4,353,0,86064.94716216,87821.88919109134,86413.9190195637,92494.17691640416,88798.62799388079,2327.283071553448,89842.30466517624,2143.5145500376084
2025-12-20,88103.86075721023,12,20,5,354,1,85450.3312009302,86064.94716216,87821.88919109134,90307.26028567804,87792.36432024164,1956.3368182888403,89364.42087967426,2329.411940730084
2025-12-21,88347.94310567998,12,21,6,355,1,88103.86075721023,85450.3312009302,86064.94716216,90257.4292885891,87477.59295903194,1635.1495203786073,89278.4758233943,2353.7595671110435
2025-12-22,88577.42038358838,12,22,0,356,0,88347.94310567998,88103.86075721023,85450.3312009302,88230.77409367911,87204.80921861637,1193.833202989781,89214.41732512774,2366.914559936363
2025-12-23,88491.12020788102,12,23,1,357,0,88577.42038358838,88347.94310567998,88103.86075721023,86413.9190195637,87254.33011717482,1249.3810166738615,89101.16827109325,2355.946261657384
2025-12-24,87406.43636737975,12,24,2,358,0,88491.12020788102,88577.42038358838,88347.94310567998,87821.88919109134,87551.07314407731,1263.1100173991397,88949.24446305183,2318.8916817673667
2025-12-25,87642.60888119951,12,25,3,359,0,87406.43636737975,88491.12020788102,88577.42038358838,86064.94716216,87491.72274068995,1258.0144851777216,88569.47465210066,2075.9172865005617
2025-12-26,87229.78066010943,12,26,4,360,0,87642.60888119951,87406.43636737975,88491.12020788102,85450.3312009302,87717.102986267,1089.8858472133272,88257.8654900739,1833.8384109627127
2025-12-27,87305.95655961394,12,27,5,361,1,87229.78066010943,87642.60888119951,87406.43636737975,88103.86075721023,87971.31005186404,543.7504110514623,87881.83718605284,1382.572436510601
2025-12-28,87807.003210775,12,28,6,362,1,87305.95655961394,87229.78066010943,87642.60888119951,88347.94310567998,87857.32373792173,592.7566221913744,87667.45834847684,1197.919039523584
2025-12-29,87822.90829076794,12,29,0,363,0,87807.003210775,87305.95655961394,87229.78066010943,88577.42038358838,87780.04661007815,551.9941106160685,87492.42791434725,942.082573796165
2025-12-30,87156.56266080117,12,30,1,364,0,87822.90829076794,87807.003210775,87305.95655961394,88491.12020788102,87672.25916824664,430.67587379268434,87463.29464271074,923.618894911705
2025-12-31,88414.62856073362,12,31,2,365,0,87156.56266080117,87822.90829076794,87807.003210775,87406.43636737975,87481.6080900924,275.0348159637721,87516.34061708486,878.9607182174736
2026-01-01,87520.18048742875,1,1,3,1,0,88414.62856073362,87156.56266080117,87822.90829076794,87642.60888119951,87625.6355462858,442.2544429267108,87558.67914348787,908.587274559021
2026-01-02,88727.67004249741,1,2,4,2,0,87520.18048742875,88414.62856073362,87156.56266080117,87229.78066010943,87608.14577574712,443.8891349118001,87662.62438100706,801.4833940510057
2026-01-03,89926.27924953419,1,3,5,3,1,88727.67004249741,87520.18048742875,88414.62856073362,87305.95655961394,87822.12997323112,573.2764240541085,87896.72001254758,542.3420466806139
2026-01-04,90593.85443180415,1,4,6,4,1,89926.27924953419,88727.67004249741,87520.18048742875,87807.003210775,88196.46178607686,926.6439617908222,88026.89276199929,767.7503513167794
2026-01-05,91373.21588108438,1,5,0,5,0,90593.85443180415,89926.27924953419,88727.67004249741,87822.90829076794,88594.58338908103,1267.433235059557,88187.31499957958,1029.8861996893738
2026-01-06,93926.7956485658,1,6,1,6,0,91373.21588108438,90593.85443180415,89926.27924953419,87156.56266080117,89101.77018769768,1579.1859168267947,88387.01467797217,1336.7041946081038
2026-01-07,93666.86387314304,1,7,2,7,0,93926.7956485658,91373.21588108438,90593.85443180415,88414.62856073362,90068.9463288069,2156.849535751893,88775.27720944965,1996.0727111078431
2026-01-08,91257.15544035909,1,8,3,8,0,93666.86387314304,93926.7956485658,91373.21588108438,87520.18048742875,90819.2656591511,2386.7477598502314,89222.45060271844,2337.822453461645
2026-01-09,90983.51578142623,1,9,4,9,0,91257.15544035909,93666.86387314304,93926.7956485658,88727.67004249741,91353.11922385544,1892.6249983059672,89480.63249980127,2349.4891938192004
2026-01-10,90504.8956034002,1,10,5,10,1,90983.51578142623,91257.15544035909,93666.86387314304,89926.27924953419,91675.38290084526,1528.0064606914527,89748.7564370382,2286.1985755367946
2026-01-11,90442.01907847,1,11,6,11,1,90504.8956034002,90983.51578142623,91257.15544035909,90593.85443180415,91758.042379969,1430.1323521220208,89977.25208302293,2180.6964766527067
2026-01-12,90819.36598904192,1,12,0,12,0,90442.01907847,90504.8956034002,90983.51578142623,91373.21588108438,91736.35161520696,1451.7209094738046,90165.467502144,2090.836420400424
2026-01-13,91134.96917951509,1,13,1,13,0,90819.36598904192,90442.01907847,90504.8956034002,93926.7956485658,91657.23020205802,1489.4146101229644,90379.50019487785,1983.1874080706116
2026-01-14,95260.4422971001,1,14,2,14,0,91134.96917951509,90819.36598904192,90442.01907847,93666.86387314304,91258.39784933651,1104.4224603633531,90663.6720890717,1758.108152002319
2026-01-15,97007.78078881276,1,15,3,15,0,95260.4422971001,91134.96917951509,90819.36598904192,91257.15544035909,91486.0519099018,1691.7131553907243,91152.65878452644,2017.3642987475607
2026-01-16,95584.82797878512,1,16,4,16,0,97007.78078881276,95260.4422971001,91134.96917951509,90983.51578142623,92307.56981682377,2673.456405710547,91830.3445203396,2279.7571900912485
2026-01-17,95516.07771987125,1,17,5,17,1,95584.82797878512,97007.78078881276,95260.4422971001,90504.8956034002,92964.90013073219,2853.271073108256,92320.14151578872,2298.4233519928944
2026-01-18,95099.53192554633,1,18,6,18,1,95516.07771987125,95584.82797878512,97007.78078881276,90442.01907847,93680.78329022802,2760.3260323828113,92719.4128350985,2335.797248604746
2026-01-19,93752.70577188236,1,19,0,19,0,95099.53192554633,95516.07771987125,95584.82797878512,90819.36598904192,94346.1422683818,2385.397762515567,93041.2469417944,2330.8008180303996
2026-01-20,92558.46334372148,1,20,1,20,0,93752.70577188236,95099.53192554633,95516.07771987125,91134.96917951509,94765.19080878758,1863.041380325702,93211.2105054228,2286.1395300183854
2026-01-21,88312.84053255555,1,21,2,21,0,92558.46334372148,93752.70577188236,95099.53192554633,95260.4422971001,94968.54711795991,1427.538651952682,93113.4724836482,2282.439990392889
2026-01-22,89354.34377512129,1,22,3,22,0,88312.84053255555,92558.46334372148,93752.70577188236,97007.78078881276,93976.03258016784,2873.5817144637545,92731.04224503483,2607.919959585856
2026-01-23,89443.39744146909,1,23,4,23,0,89354.34377512129,88312.84053255555,92558.46334372148,95584.82797878512,92882.68443535476,2981.7631883364593,92595.12712608927,2737.030030930335
2026-01-24,89412.39849953113,1,24,5,24,1,89443.39744146909,89354.34377512129,88312.84053255555,95516.07771987125,92005.33721573818,2957.6009015905925,92485.11867323518,2835.9507551825586
2026-01-25,89170.87364531498,1,25,6,25,1,89412.39849953113,89443.39744146909,89354.34377512129,95099.53192554633,91133.38304140388,2631.8663302622685,92407.08316581594,2908.728101757421
2026-01-26,86548.32213469829,1,26,0,26,0,89170.87364531498,89412.39849953113,89443.39744146909,93752.70577188236,90286.43185851371,2027.3194246495573,92316.28706344776,2993.3933580948633
2026-01-27,88307.8612070438,1,27,1,27,0,86548.32213469829,89170.87364531498,89412.39849953113,92558.46334372148,89257.23419605884,1789.0322786045467,92011.21250242321,3353.6536819395333
2026-01-28,89204.22239644526,1,28,2,28,0,88307.8612070438,86548.32213469829,89170.87364531498,88312.84053255555,88650.00531939059,1050.8667684035413,91809.27621867527,3492.7069292517026
2026-01-29,89162.09701574955,1,29,3,29,0,89204.22239644526,88307.8612070438,86548.32213469829,89354.34377512129,88777.34558566054,1057.189155317925,91376.68908291419,3406.3621167189813
2026-01-30,84570.40906135936,1,30,4,30,0,89162.09701574955,89204.22239644526,88307.8612070438,89443.39744146909,88749.88176289316,1042.0908775244873,90816.28309912396,3033.675016862871
2026-01-31,84141.77856967277,1,31,5,31,1,84570.40906135936,89162.09701574955,89204.22239644526,89412.39849953113,88053.74056573461,1830.776724229589,90029.53889073641,3128.6244868635727
2026-02-01,78725.85853884545,2,1,6,32,1,84141.77856967277,84570.40906135936,89162.09701574955,89170.87364531498,87300.79486146916,2221.0907653090235,89217.08895143653,3070.584383843636
2026-02-02,76937.06406636834,2,2,0,33,0,78725.85853884545,84141.77856967277,84570.40906135936,86548.32213469829,85808.6498462592,3742.689010608907,88047.54085238646,3709.4819418566976
2026-02-03,78767.65815345927,2,3,1,34,0,76937.06406636834,78725.85853884545,84141.77856967277,88307.8612070438,84435.61297935493,4983.433115020959,86846.42358770687,4381.601056913835
2026-02-04,75638.95670207398,2,4,2,35,0,78767.65815345927,76937.06406636834,78725.85853884545,89204.22239644526,83072.72682884286,5052.009973401282,85861.36607411674,4545.783153154166
2026-02-05,73172.29203248928,2,5,3,36,0,75638.95670207398,78767.65815345927,76937.06406636834,89162.09701574955,81134.83172964698,4907.722946570663,84956.08865765376,5230.446544550026
2026-02-06,62853.69038445987,2,6,4,37,0,73172.29203248928,75638.95670207398,78767.65815345927,84570.40906135936,78850.57387489549,4222.058738501975,83800.22781889432,5925.547288225505
2026-02-07,70523.95417035831,2,7,5,38,1,62853.69038445987,73172.29203248928,75638.95670207398,84141.77856967277,75748.1854924813,6617.712986964808,81900.96302910794,7907.487257042926
2026-02-08,69296.80677355142,2,8,6,39,1,70523.95417035831,62853.69038445987,73172.29203248928,78725.85853884545,73802.78200686493,5673.223307428389,80551.78843416704,8135.390255320399
2026-02-09,70542.37329463876,2,9,0,40,0,69296.80677355142,70523.95417035831,62853.69038445987,76937.06406636834,72455.77461182293,5423.3892229721805,79132.21222904106,8248.88197438915
2026-02-10,70096.40692272567,2,10,1,41,0,70542.37329463876,69296.80677355142,70523.95417035831,78767.65815345927,71542.2473587187,5069.78515509842,77988.93016903682,8251.153916412242
2026-02-11,68779.90981269129,2,11,2,42,0,70096.40692272567,70542.37329463876,69296.80677355142,75638.95670207398,70303.4971828996,3944.5893013953114,76688.11200587124,7928.43872154071
2026-02-12,66937.58141157958,2,12,3,43,0,68779.90981269129,70096.40692272567,70542.37329463876,73172.29203248928,69323.63334155922,3175.2156541207246,75229.23253560309,7302.643670892476
2026-02-13,66184.57765470445,2,13,4,44,0,66937.58141157958,68779.90981269129,70096.40692272567,62853.69038445987,68432.96039571498,2763.4504011928066,73641.76713530524,6400.82912761924
2026-02-14,68838.87490510389,2,14,5,45,1,66184.57765470445,66937.58141157958,68779.90981269129,70523.95417035831,68908.80143432134,1739.8250368234114,72328.49346340132,5848.384445244896
2026-02-15,69765.59638824302,2,15,6,46,1,68838.87490510389,66184.57765470445,66937.58141157958,69296.80677355142,68668.0758249993,1589.1547322618774,71235.4289159321,4808.193961779844
2026-02-16,68716.58337486399,2,16,0,47,0,69765.59638824302,68838.87490510389,66184.57765470445,70542.37329463876,68735.04576995524,1629.4339786566827,70595.41019088907,4304.403965075081
2026-02-17,68907.78353606178,2,17,1,48,0,68716.58337486399,69765.59638824302,68838.87490510389,70096.40692272567,68474.21863855884,1425.249865582184,70008.23299863878,3915.9354220538557
2026-02-18,67489.45540267964,2,18,2,49,0,68907.78353606178,68716.58337486399,69765.59638824302,68779.90981269129,68304.41529760686,1261.1287632462186,69303.95624025323,2998.5705880430933
2026-02-19,66456.3537620677,2,19,3,50,0,67489.45540267964,68907.78353606178,68716.58337486399,66937.58141157958,68120.0646676052,1274.2869285677618,68721.84900458221,2406.7985629493983
2026-02-20,66918.68417467622,2,20,4,51,0,66456.3537620677,67489.45540267964,68907.78353606178,66184.57765470445,68051.31786053206,1358.8860339726916,68242.13912812353,2101.4492220150296
2026-02-21,67970.29403133177,2,21,5,52,1,66918.68417467622,66456.3537620677,67489.45540267964,68838.87490510389,68156.19022052803,1211.1000582803758,68532.4958274247,1492.1592458918306
2026-02-22,67977.90904199042,2,22,6,53,1,67970.29403133177,66918.68417467622,66456.3537620677,69765.59638824302,68032.10723856058,1173.4069354310484,68350.09153177994,1382.010123118345
2026-02-23,67585.11718938159,2,23,0,54,0,67977.90904199042,67970.29403133177,66918.68417467622,68716.58337486399,67776.72333195306,894.6795749384294,68255.88455095416,1357.2420119950104
2026-02-24,64577.553200674425,2,24,1,55,0,67585.11718938159,67977.90904199042,67970.29403133177,68907.78353606178,67615.08530545559,793.0108556647328,68044.65197200721,1194.3651571908342
2026-02-25,64074.11098528222,2,25,2,56,0,64577.553200674425,67585.11718938159,67977.90904199042,67489.45540267964,66996.48097182883,1200.696369078097,67650.44813471784,1363.821775829752
2026-02-26,67947.39185585188,2,26,3,57,0,64074.11098528222,64577.553200674425,67585.11718938159,66456.3537620677,66508.57462648633,1595.8741053271015,67314.31964704576,1619.8973982758705
2026-02-27,67469.06040327046,2,27,4,58,0,67947.39185585188,64074.11098528222,64577.553200674425,66918.68417467622,66721.5800684555,1684.77267175726,67386.44896449379,1624.3079079466802
2026-02-28,65883.99096235317,2,28,5,59,1,67469.06040327046,67947.39185585188,64074.11098528222,67970.29403133177,66800.20524396896,1708.1840810089777,67478.19773224849,1587.0478310075437
2026-03-01,67008.45435746174,3,1,6,60,1,65883.99096235317,67469.06040327046,67947.39185585188,67977.90904199042,66502.1619484006,1651.0546793371573,67267.13459348059,1588.6558520085384
2026-03-02,65713.4989891121,3,2,0,61,0,67008.45435746174,65883.99096235317,67469.06040327046,67585.11718938159,66363.66842203935,1543.8117677949522,67070.19587699622,1416.6963879034874
2026-03-03,68864.03691918531,3,3,1,62,0,65713.4989891121,67008.45435746174,65883.99096235317,64577.553200674425,66096.29439342943,1456.6222198599512,66855.6898494425,1374.9748940909856
2026-03-04,68321.6178484252,3,4,2,63,0,68864.03691918531,65713.4989891121,67008.45435746174,64074.11098528222,66708.64921035955,1605.17209222368,66852.56509109419,1369.9932686028415
2026-03-05,72669.7701652216,3,5,3,64,0,68321.6178484252,68864.03691918531,65713.4989891121,67947.39185585188,67315.43590509427,1193.2455874325008,66912.0052657903,1416.9979936444781
2026-03-06,70874.98687140146,3,6,4,65,0,72669.7701652216,68321.6178484252,68864.03691918531,67469.06040327046,67990.06137786138,2367.3719795550637,67355.82072315844,2080.8487762189984
2026-03-07,68148.28339966535,3,7,5,66,1,70874.98687140146,72669.7701652216,68321.6178484252,65883.99096235317,68476.62230188008,2582.6621567604143,67638.41377292453,2276.3758232947885
2026-03-08,67271.1907777184,3,8,6,67,1,68148.28339966535,70874.98687140146,72669.7701652216,67008.45435746174,68800.09265006754,2333.613100062115,67651.12729923407,2278.867620506165
2026-03-09,66036.15782362667,3,9,0,68,0,67271.1907777184,68148.28339966535,70874.98687140146,65713.4989891121,68837.62642438992,2301.89097189413,67600.64742321464,2278.899525511751
2026-03-10,68459.31537095344,3,10,1,69,0,66036.15782362667,67271.1907777184,68148.28339966535,68864.03691918531,68883.7205436063,2231.0458568927093,67490.00746851786,2316.9938969560626
2026-03-11,69883.00887579883,3,11,2,70,0,68459.31537095344,66036.15782362667,67271.1907777184,68321.6178484252,68825.90317957316,2236.87751362499,67767.27619496635,2169.205207780873
2026-03-12,70226.818790692,3,12,3,71,0,69883.00887579883,68459.31537095344,66036.15782362667,72669.7701652216,69048.95904062653,2255.977888614184,68182.1974728604,1953.2514551158988
2026-03-13,70544.42535461926,3,13,4,72,0,70226.818790692,69883.00887579883,68459.31537095344,70874.98687140146,68699.9659871223,1730.1794095107603,68345.01368249183,2025.8274892716265
2026-03-14,70965.28228600459,3,14,5,73,1,70544.42535461926,70226.818790692,69883.00887579883,68148.28339966535,68652.74291329629,1664.1729234545592,68564.68260758817,2089.281375436983
2026-03-15,71217.1010283798,3,15,6,74,1,70965.28228600459,70544.42535461926,70226.818790692,67271.1907777184,69055.17132563046,1851.8705712068775,68927.631987849,2028.2386492312323
2026-03-16,72681.9132538886,3,16,0,75,0,71217.1010283798,70965.28228600459,70544.42535461926,66036.15782362667,69618.87279001066,1818.5885430145706,69228.24960720028,2033.7916201543044
2026-03-17,74858.14870100339,3,17,1,76,0,72681.9132538886,71217.1010283798,70965.28228600459,68459.31537095344,70568.26642290522,1296.1814555609078,69725.99348325575,1958.7642053036495
2026-03-18,73926.27899152413,3,18,2,77,0,74858.14870100339,72681.9132538886,71217.1010283798,69883.00887579883,71482.3854700552,1741.0072845106827,70154.14432481419,2368.1785894950435
2026-03-19,71255.86350265636,3,19,3,78,0,73926.27899152413,74858.14870100339,72681.9132538886,70226.818790692,72059.99548658739,1791.9177308101225,70554.47726360697,2504.3750026922958
2026-03-20,69871.4514796119,3,20,4,79,0,71255.86350265636,73926.27899152413,74858.14870100339,70544.42535461926,72207.00187401088,1653.3113352478442,70453.4839305666,2440.1971460972686
2026-03-21,70552.62530009366,3,21,5,80,1,69871.4514796119,71255.86350265636,73926.27899152413,70965.28228600459,72110.86274900983,1780.7566776517185,70381.80283115305,2441.6020903421986
2026-03-22,68733.54779458739,3,22,6,81,1,70552.62530009366,69871.4514796119,71255.86350265636,71217.1010283798,72051.91175102255,1831.1193698048328,70553.5415383265,2355.4539440626513
2026-03-23,67848.87605821833,3,23,0,82,0,68733.54779458739,70552.62530009366,69871.4514796119,72681.9132538886,71697.11843190934,2219.289345284645,70657.99561095999,2227.65700023992
2026-03-24,70892.82823994374,3,24,1,83,0,67848.87605821833,68733.54779458739,70552.62530009366,74858.14870100339,71006.68454681359,2583.7223491833875,70787.4754848594,1976.924220174758
2026-03-25,70524.51175942823,3,25,2,84,0,70892.82823994374,67848.87605821833,68733.54779458739,73926.27899152413,70440.21019523365,1957.3222293326212,70961.29783264443,1859.9990199924057
2026-03-26,71309.26403856269,3,26,3,85,0,70524.51175942823,70892.82823994374,67848.87605821833,71255.86350265636,69954.24344779136,1237.4669827619373,71007.11946718939,1839.1769249282847
2026-03-27,68791.11093800364,3,27,4,86,0,71309.26403856269,70524.51175942823,70892.82823994374,69871.4514796119,69961.87209577799,1246.9566860194986,71084.43698489443,1826.5596730992972
2026-03-28,66321.016242762,3,28,5,87,1,68791.11093800364,71309.26403856269,70524.51175942823,70552.62530009366,69807.5377326911,1324.4607702867577,70959.20024085046,1923.9445762006878
2026-03-29,66321.06539994745,3,29,6,88,1,66321.016242762,68791.11093800364,71309.26403856269,68733.54779458739,69203.02215307228,1805.9060979093865,70627.46695204741,2288.6403703113433
2026-03-30,65970.42899513361,3,30,0,89,0,66321.06539994745,66321.016242762,68791.11093800364,67848.87605821833,68858.38181098086,2114.3009405248868,70277.75012144512,2550.679722401449
2026-03-31,66699.27436893585,3,31,1,90,0,65970.42899513361,66321.06539994745,66321.016242762,70892.82823994374,68590.0322305402,2367.7943295771793,69798.35838867689,2690.9128627092787
2026-04-01,68231.83047993251,4,1,2,91,0,66699.27436893585,65970.42899513361,66321.06539994745,70524.51175942823,67990.9531061105,2213.538839809395,69215.58165067206,2375.859326946308
2026-04-02,68089.0553821667,4,2,3,92,0,68231.83047993251,66699.27436893585,65970.42899513361,71309.26403856269,67663.42720903967,1927.2914992601272,68808.83532841553,1958.0622088440343
2026-04-03,66891.6645686824,4,3,4,93,0,68089.0553821667,68231.83047993251,66699.27436893585,68791.11093800364,67203.39740098311,1132.4277992342418,68582.63474838054,1832.5245602283196
2026-04-04,66939.69121715311,4,4,5,94,1,66891.6645686824,68089.0553821667,68231.83047993251,66321.016242762,66932.04791965151,890.2514269233562,68369.7928261713,1844.3262150537757
2026-04-05,67304.24955635444,4,5,6,95,1,66939.69121715311,66891.6645686824,68089.0553821667,66321.06539994745,67020.43005885024,849.2452051639096,68111.72610596126,1766.5277631064348
2026-04-06,68985.52642694542,4,6,0,96,0,67304.24955635444,66939.69121715311,66891.6645686824,65970.42899513361,67160.88493833694,793.7940622734309,68009.63337465891,1769.126242320412
2026-04-07,68864.23452757328,4,7,1,97,0,68985.52642694542,67304.24955635444,66939.69121715311,66699.27436893585,67591.6131428815,855.7742873869154,68090.82268671083,1787.1709502343313
2026-04-08,71975.62171045873,4,8,2,98,0,68864.23452757328,68985.52642694542,67304.24955635444,68231.83047993251,67900.89316554398,870.6143003723324,67945.92313582724,1616.6139472339955
2026-04-09,71117.07713411814,4,9,3,99,0,71975.62171045873,68864.23452757328,68985.52642694542,68089.0553821667,68435.72048419058,1781.3584209515616,68049.57384661514,1827.4334933043388
2026-04-10,71770.7468500515,4,10,4,100,0,71117.07713411814,71975.62171045873,68864.23452757328,66891.6645686824,68868.29502018364,2033.0223244467206,68035.84621058338,1801.6024756042743
2026-04-11,72972.70823557042,4,11,5,101,1,71770.7468500515,71117.07713411814,71975.62171045873,66939.69121715311,69565.30677466495,2078.278919839609,68248.67734715821,2055.759786959171
2026-04-12,73053.88808483821,4,12,6,102,1,72972.70823557042,71770.7468500515,71117.07713411814,67304.24955635444,70427.16634872455,2058.8173706460425,68723.79820378739,2326.7699768205407
2026-04-13,70756.75105500016,4,13,0,103,0,73053.88808483821,72972.70823557042,71770.7468500515,68985.52642694542,71248.5432813651,1725.1478739821157,69204.71410985102,2482.5358120415867
2026-04-14,74514.63006655,4,14,1,104,0,70756.75105500016,73053.88808483821,72972.70823557042,68864.23452757328,71501.57537108721,1445.0633644787329,69546.59425698435,2327.6046244462846
2026-04-15,74181.10807228928,4,15,2,105,0,74514.63006655,70756.75105500016,73053.88808483821,71975.62171045873,72308.77473379816,1296.8670555745973,70104.83394967107,2521.3239842780854
2026-04-16,74833.50639132406,4,16,3,106,0,74181.10807228928,74514.63006655,70756.75105500016,71117.07713411814,72623.84421405967,1460.0767508780502,70529.78234912512,2677.853660796597
2026-04-17,75149.1930221427,4,17,4,107,0,74833.50639132406,74181.10807228928,74514.63006655,71770.7468500515,73154.7626793748,1496.1107188015224,71011.52884977924,2808.4690574158917
2026-04-18,77128.44334858148,4,18,5,108,1,75149.1930221427,74833.50639132406,74181.10807228928,72972.70823557042,73637.39784681641,1519.9659721987744,71601.35231074067,2743.018815679177
2026-04-19,75728.45681761758,4,19,6,109,1,77128.44334858148,75149.1930221427,74833.50639132406,73053.88808483821,74231.07429153228,1963.8484203588446,72329.12032012842,2762.6155699249093
2026-04-20,73856.05501487634,4,20,0,110,0,75728.45681761758,77128.44334858148,75149.1930221427,70756.75105500016,74613.15553907219,1956.8123830615846,72930.84941021864,2487.7183567705633
2026-04-21,75874.54629352967,4,21,1,111,0,73856.05501487634,75728.45681761758,77128.44334858148,74514.63006655,75055.91324762593,1103.3126751288264,73278.74430935657,2219.661339564989
2026-04-22,76350.25202878818,4,22,2,112,0,75874.54629352967,73856.05501487634,75728.45681761758,74181.10807228928,75250.18699433732,1111.813062502016,73779.48086406772,1917.3223712153099
2026-04-23,78194.78334884858,4,23,3,113,0,76350.25202878818,75874.54629352967,73856.05501487634,74833.50639132406,75560.06470240858,1065.5056465076655,74091.95445823412,1956.7953796901556
2026-04-24,78260.61998045091,4,24,4,114,0,78194.78334884858,76350.25202878818,75874.54629352967,75149.1930221427,76040.24712491207,1391.1411952519286,74597.50490214344,2041.5453865054847
2026-04-25,77444.79563692068,4,25,5,115,1,78260.61998045091,78194.78334884858,76350.25202878818,77128.44334858148,76484.73669038467,1547.2946464509869,75061.06726860054,2086.627540252597
2026-04-26,77619.14219872655,4,26,6,116,1,77444.79563692068,78260.61998045091,78194.78334884858,75728.45681761758,76529.92987443313,1573.6254472523628,75380.5020829827,2084.642848340314
2026-04-27,78645.12560170851,4,27,0,117,0,77619.14219872655,77444.79563692068,78260.61998045091,73856.05501487634,76800.02778602012,1575.390773910139,75706.59166254615,2049.4701105713975
2026-04-28,77361.29911038803,4,28,1,118,0,78645.12560170851,77619.14219872655,77444.79563692068,75874.54629352967,77484.18072699616,1028.9225828365675,76270.04698731103,1624.182008866877
2026-04-29,76345.22521002527,4,29,2,119,0,77361.29911038803,78645.12560170851,77619.14219872655,76350.25202878818,77696.57398654734,759.4395624632612,76473.38049044232,1564.610863749945
2026-04-30,75774.8855230121,4,30,3,120,0,76345.22521002527,77361.29911038803,78645.12560170851,78194.78334884858,77695.85586958121,760.9257285510588,76627.9602859949,1421.036327330476
2026-05-01,76286.57710950871,5,1,4,121,0,75774.8855230121,76345.22521002527,77361.29911038803,78260.61998045091,77350.156180176,1006.5359988819217,76695.20165254404,1350.0953618339204
2026-05-02,78172.07422147921,5,2,5,122,1,76286.57710950871,75774.8855230121,76345.22521002527,77444.79563692068,77068.1500557557,985.2455050009747,76776.44337307019,1282.4338522551577
2026-05-03,78655.34555331903,5,3,6,123,1,78172.07422147921,76286.57710950871,75774.8855230121,77619.14219872655,77172.0469964069,1066.5737105851524,76850.98843542002,1333.773120024855
2026-05-04,78562.55051754859,5,4,0,124,0,78655.34555331903,78172.07422147921,76286.57710950871,78645.12560170851,77320.07604706298,1202.2457576553506,77060.05191654156,1373.0953631546117
2026-05-05,79823.88555955577,5,5,1,125,0,78562.55051754859,78655.34555331903,78172.07422147921,77361.29911038803,77308.27960646871,1187.3908066477118,77396.23016673244,1071.2956163753786
2026-05-06,80925.09365495079,5,6,2,126,0,79823.88555955577,78562.55051754859,78655.34555331903,76345.22521002527,77660.07767063552,1523.0731359119343,77678.32582859143,1156.3757471524377
2026-05-07,81424.99515650333,5,7,3,127,0,80925.09365495079,79823.88555955577,78562.55051754859,75774.8855230121,78314.34459133916,1819.044924495265,78005.10023046019,1377.4682309991879
2026-05-08,80022.04125006415,5,8,4,128,0,81424.99515650333,80925.09365495079,79823.88555955577,76286.57710950871,79121.50311040935,1756.9057591158448,78235.82964529269,1654.384389246344
2026-05-09,80189.06503567853,5,9,5,129,1,80022.04125006415,81424.99515650333,80925.09365495079,78172.07422147921,79655.14084477442,1245.062646891656,78361.64545026504,1722.0105176427112
2026-05-10,80678.03394296461,5,10,6,130,1,80189.06503567853,80022.04125006415,81424.99515650333,78655.34555331903,79943.28238966003,1065.01138893645,78557.66469303347,1765.2648972880102
2026-05-11,82145.65606759128,5,11,0,131,0,80678.03394296461,80189.06503567853,80022.04125006415,78562.55051754859,80232.23787389511,922.1448909091276,78776.15696047906,1828.3426530273723
2026-05-12,81725.20771701908,5,12,1,132,0,82145.65606759128,80678.03394296461,80189.06503567853,79823.88555955577,80744.11009532979,830.7956344641159,79026.19485089925,2036.5500409768754
2026-05-13,80480.88600120835,5,13,2,133,0,81725.20771701908,82145.65606759128,80678.03394296461,80925.09365495079,81015.72754639597,789.5816810655651,79337.90260851574,2095.2418138529342
2026-05-14,79277.8045183824,5,14,3,134,0,80480.88600120835,81725.20771701908,82145.65606759128,81424.99515650333,80952.26931014705,815.5047239175799,79633.3069507431,1925.5188757154003
2026-05-15,81051.9828878728,5,15,4,135,0,79277.8045183824,80480.88600120835,81725.20771701908,80022.04125006415,80645.52779041548,992.6410749398739,79883.51545041241,1582.6366556312232
2026-05-16,79068.82024044942,5,16,5,136,1,81051.9828878728,79277.8045183824,80480.88600120835,80189.06503567853,80792.66231010245,960.6376470876002,80223.90157743843,1220.55715198042
2026-05-17,78135.00994863857,5,17,6,137,1,79068.82024044942,81051.9828878728,79277.8045183824,80678.03394296461,80632.62733935541,1152.1698082597284,80287.95486450773,1124.3341538088494
2026-05-18,77425.71519168488,5,18,0,138,0,78135.00994863857,79068.82024044942,81051.9828878728,82145.65606759128,80269.33819730884,1487.5678958201495,80250.78803560197,1189.18440654049
2026-05-19,76952.2148594993,5,19,1,139,0,77425.71519168488,78135.00994863857,79068.82024044942,81725.20771701908,79595.06092932222,1563.1284697126073,80169.585512326,1342.289976264238
2026-05-20,76808.8105527178,5,20,2,140,0,76952.2148594993,77425.71519168488,78135.00994863857,80480.88600120835,78913.2048068194,1519.4757476422135,79964.46617660768,1594.8373734035126
2026-05-21,77459.94434557436,5,21,3,141,0,76808.8105527178,76952.2148594993,77425.71519168488,79277.8045183824,78388.62259989217,1521.9168118264272,79670.4459550196,1773.5377078132526
2026-05-22,77546.33765297421,5,22,4,142,0,77459.94434557436,76808.8105527178,76952.2148594993,81051.9828878728,78128.92828949101,1499.8386337985978,79387.22803995326,1788.3290235599584
2026-05-23,75482.52379955728,5,23,5,143,1,77546.33765297421,77459.94434557436,76808.8105527178,79068.82024044942,77628.12182736266,767.746642419473,79210.39206873254,1842.3159590723326
2026-05-24,76672.79289056802,5,24,6,144,1,75482.52379955728,77546.33765297421,77459.94434557436,78135.00994863857,77115.79376437806,839.3676302509617,78874.21055186675,2065.850804312561
2026-05-25,76988.16126107218,5,25,0,145,0,76672.79289056802,75482.52379955728,77546.33765297421,77425.71519168488,76906.90561322511,716.3840262470761,78588.12190526699,2074.1489634777267
2026-05-26,77274.40152182181,5,26,1,146,0,76988.16126107218,76672.79289056802,75482.52379955728,76952.2148594993,76844.39790885187,681.826596752571,78219.72941908705,1838.2906652162883
2026-05-27,75824.06332542913,5,27,2,147,0,77274.40152182181,76988.16126107218,76672.79289056802,76808.8105527178,76890.42457489796,700.924922589699,77901.81469085866,1547.2395593395606
2026-05-28,74352.69928002391,5,28,3,148,0,75824.06332542913,77274.40152182181,76988.16126107218,77459.94434557436,76749.746399571,810.3196391243014,77569.1844997316,1447.485761795092
2026-05-29,73539.84189606174,5,29,4,149,0,74352.69928002391,75824.06332542913,77274.40152182181,77546.33765297421,76305.85424734952,1140.3127916276487,77217.39126842027,1591.6022771434277
2026-05-30,73382.71831425565,5,30,5,150,1,73539.84189606174,74352.69928002391,75824.06332542913,75482.52379955728,75733.49771064773,1391.687272618324,76680.80976900518,1460.2679451930892
2026-05-31,73751.06787328025,5,31,6,151,1,73382.71831425565,73539.84189606174,74352.69928002391,76672.79289056802,75433.52549846178,1656.001879954358,76274.65963141993,1533.8833143208708
2026-06-01,73593.37119702855,6,1,0,152,0,73751.06787328025,73382.71831425565,73539.84189606174,76988.16126107218,75016.13621027781,1659.790982053298,75961.52091175146,1571.8975386399745
2026-06-02,71360.32521325785,6,2,1,153,0,73593.37119702855,73751.06787328025,73382.71831425565,77274.40152182181,74531.16620112871,1473.0038887807784,75687.7820549903,1629.922392062562
2026-06-03,66649.85561928031,6,3,2,154,0,71360.32521325785,73593.37119702855,73751.06787328025,75824.06332542913,73686.29815704815,1326.0669415282084,75288.36136597305,1949.9701583207213
2026-06-04,64021.88915867498,6,4,3,155,0,66649.85561928031,71360.32521325785,73593.37119702855,74352.69928002391,72375.69705616975,2691.6066501033647,74562.72172787038,2966.1067782948294
2026-06-05,63796.2543917893,6,5,4,156,0,64021.88915867498,66649.85561928031,71360.32521325785,73539.84189606174,70899.86703883419,3960.2088974346802,73602.86064309184,3963.1751896434066
2026-06-06,60921.79441516493,6,6,5,157,1,63796.2543917893,64021.88915867498,66649.85561928031,73382.71831425565,69507.92596679527,4546.589799402501,72620.7118387215,4568.299936225329
2026-06-07,60861.88012897632,6,7,6,158,1,60921.79441516493,63796.2543917893,64021.88915867498,73751.06787328025,67727.79398121088,5172.9170189144015,71580.65973983632,5440.818094746596
2026-06-08,63254.57215050675,6,8,0,159,0,60861.88012897632,60921.79441516493,63796.2543917893,73593.37119702855,65886.48144631032,4961.222036901023,70451.30882829407,5922.180391112272
2026-06-09,63078.44049480062,6,9,1,160,0,63254.57215050675,60861.88012897632,60921.79441516493,71360.32521325785,64409.51015395007,3650.183377106127,69470.3381775394,5893.472261343129
2026-06-10,61658.311991466595,6,10,2,161,0,63078.44049480062,63254.57215050675,60861.88012897632,66649.85561928031,63226.38376559903,1983.365498848351,68456.3409613236,5664.243348069806
2026-06-11,61492.514389714524,6,11,3,162,0,61658.311991466595,63078.44049480062,63254.57215050675,64021.88915867498,62513.306104482785,1340.5075849924465,67444.50158032626,5510.018045198303
2026-06-12,63552.30087011473,6,12,4,163,0,61492.514389714524,61658.311991466595,63078.44049480062,63796.2543917893,62151.966851774145,1199.5828453564686,66525.91694530417,5339.069877038195
2026-06-13,63537.739003707065,6,13,5,164,1,63552.30087011473,61492.514389714524,61658.311991466595,60921.79441516493,62117.11634867778,1146.2072211538537,65812.52115773653,4985.331195126746
2026-06-14,64377.57668942172,6,14,6,165,1,63537.739003707065,63552.30087011473,61492.514389714524,60861.88012897632,62490.822718469506,1117.625832619944,65109.308349840205,4506.74269154578
2026-06-15,65713.6235604093,6,15,0,166,0,64377.57668942172,63537.739003707065,63552.30087011473,63254.57215050675,62993.065084247435,1051.600354982844,64439.773265278876,3758.262981453077
2026-06-16,66300.95853652984,6,16,1,167,0,65713.6235604093,64377.57668942172,63537.739003707065,63078.44049480062,63344.35814280494,1477.8579445252303,63876.9341483775,2731.8398642103857
2026-06-17,65598.9439666077,6,17,2,168,0,66300.95853652984,65713.6235604093,64377.57668942172,61658.311991466595,63804.71786305197,1839.0052027138042,63515.55081432551,1861.8584424120836
2026-06-18,64422.57366477588,6,18,3,169,0,65598.9439666077,66300.95853652984,65713.6235604093,61492.514389714524,64367.66528807213,1667.6061353227994,63440.48569627746,1743.1733393639918
2026-06-19,62900.22709317204,6,19,4,170,0,64422.57366477588,65598.9439666077,66300.95853652984,63552.30087011473,64786.24518450947,1095.1042316443934,63469.1060181418,1756.6903290027506
2026-06-20,63513.65867862926,6,20,5,171,1,62900.22709317204,64422.57366477588,65598.9439666077,63537.739003707065,64693.09178780336,1236.2053801582022,63405.104068240566,1760.1735389699818
2026-06-21,64240.23278038838,6,21,6,172,1,63513.65867862926,62900.22709317204,64422.57366477588,64377.57668942172,64689.65174136368,1239.9840064461168,63590.2372299166,1608.6750109094721
2026-06-22,63231.86958363731,6,22,0,173,0,64240.23278038838,63513.65867862926,62900.22709317204,65713.6235604093,64670.03118293035,1246.8128580304174,63831.548133588876,1408.9053905444114
2026-06-23,63957.19561383976,6,23,1,174,0,63231.86958363731,64240.23278038838,63513.65867862926,66300.95853652984,64315.49490053434,1253.4356601159964,63829.926521669644,1409.6334345395148
2026-06-24,62651.93474257838,6,24,2,175,0,63957.19561383976,63231.86958363731,64240.23278038838,65598.9439666077,63980.671625864336,897.0481106071043,63892.694744458146,1393.0644618467782
2026-06-25,60908.995129015006,6,25,3,176,0,62651.93474257838,63957.19561383976,63231.86958363731,64422.57366477588,63559.670308145855,675.0572131317549,63963.667798108996,1292.1261663737769
2026-06-26,59712.618061582114,6,26,4,177,0,60908.995129015006,62651.93474257838,63957.19561383976,62900.22709317204,63057.730517322874,1099.4002359699223,63921.987850916164,1384.1069123690004
2026-06-27,59981.83163422954,6,27,5,178,1,59712.618061582114,60908.995129015006,62651.93474257838,63513.65867862926,62602.35779852432,1681.5422035964057,63647.724793163834,1785.2777783215956
2026-06-28,59943.11077412465,6,28,6,179,1,59981.83163422954,59712.618061582114,60908.995129015006,64240.23278038838,62097.811077895785,1880.6125520447486,63393.73140962973,2037.2930103359113
2026-06-29,59612.29403760121,6,29,0,180,0,59943.11077412465,59981.83163422954,59712.618061582114,63231.86958363731,61483.93650557239,1762.3417252523752,63076.98384425137,2209.9693955887565
2026-06-30,59469.18093192038,6,30,1,181,0,59612.29403760121,59943.11077412465,59981.83163422954,63957.19561383976,60966.8542847101,1693.676841469944,62641.17459262222,2251.2343980224105
